笔记id,作品类型,作者,发布时间,喜欢,收藏,评论,详情,标题,笔记链接,作者地址,图片链接
61e8dde8000000000102c7dd,note,般若,2022-01-20,6879,1008,4143,,时日无多，到底要不要跟妈妈说实话?,https://www.xiaohongshu.com/explore/61e8dde8000000000102c7dd?xsec_token=AB06zFB1F_GMUry7u6OUsGmij__M3lR1K3kbBbpn0NA9I=&xsec_source=pc_search&source=unknown,IP属地：湖北,http://sns-webpic-qc.xhscdn.com/202508111358/a28000f36d2eb31ca0948c4f031431e8/01021k016jlygl34426010po0tydu12b6n!nc_n_webp_mw_1
620a8f14000000000102b4b6,note,拥抱的夏日,2022-02-15,6375,5078,854,,关于妈妈的病，我最后悔的事,https://www.xiaohongshu.com/explore/620a8f14000000000102b4b6?xsec_token=ABsAyXSjy-25HlfuRWGkMVwR5sXQYEU0xdGLDkWR9wxNA=&xsec_source=pc_search&source=unknown,IP属地：黑龙江,"http://sns-webpic-qc.xhscdn.com/202508111358/75bfbb2ebbfa7320091a7aac31b59571/01022f016el95c9rtme0102txmn0kqeuir!nc_n_webp_mw_1,http://sns-webpic-qc.xhscdn.com/202508111358/bc9c710b14a70673c399af93251172bb/01022f016el95c9rtme0102txmn1zd7htw!nc_n_webp_mw_1,http://sns-webpic-qc.xhscdn.com/202508111358/7537b7369955bd8cf02cc00ef07528cc/01022f016el95c9rtme0102txmn2n04tf0!nc_n_webp_mw_1"
66e807c80000000012010f59,note,糖糖的好好生活日记,06-17,2425,2033,350,,陪父母抗癌15个月， 我都学到了什么？,https://www.xiaohongshu.com/explore/66e807c80000000012010f59?xsec_token=AB-VebhyPCPfdsqy6bznBokrqcjMOTJups-jRti-oQack=&xsec_source=pc_search&source=unknown,IP属地：北京,"http://sns-webpic-qc.xhscdn.com/202508111358/3366df5f60a93309588328e86e4710bf/1040g00831bkrc2b1120048hcv2j2kl4v6lapns8!nc_n_webp_mw_1,http://sns-webpic-qc.xhscdn.com/202508111358/f87e14e7a28349523e7045cadcee2d61/1040g2sg317q9sc230o7g48hcv2j2kl4vbql837o!nc_n_webp_mw_1,http://sns-webpic-qc.xhscdn.com/202508111358/bd4555a8a6562e3ce55e5060432aef6b/1040g2sg317q9sc230o8048hcv2j2kl4vbt5kgeg!nc_n_webp_mw_1,http://sns-webpic-qc.xhscdn.com/202508111358/ea28f5be979ac9c6d14485659c427507/1040g2sg317q9sc230o8g48hcv2j2kl4vkmtjv78!nc_n_webp_mw_1,http://sns-webpic-qc.xhscdn.com/202508111358/44af4ddb4384214eb317236f84e5dd19/1040g2sg317q9sc230o9048hcv2j2kl4vfmq63j8!nc_n_webp_mw_1,http://sns-webpic-qc.xhscdn.com/202508111358/2266b6e7f2713968ddca8773a2266fe6/1040g2sg317q9sc230o9g48hcv2j2kl4v4coj430!nc_n_webp_mw_1,http://sns-webpic-qc.xhscdn.com/202508111358/04a8eb7e40da9f808b3366ab353a6f0d/1040g2sg317q9sc230oa048hcv2j2kl4vfrd0spg!nc_n_webp_mw_1,http://sns-webpic-qc.xhscdn.com/202508111358/b6d61949a30487f941fb285bb77a650d/1040g2sg317q9sc230oag48hcv2j2kl4v8eci19o!nc_n_webp_mw_1"
6863e064000000001202d281,note,落落,07-01,1201,465,948,,,https://www.xiaohongshu.com/explore/6863e064000000001202d281?xsec_token=ABEMfT9K1Fca5eRhDZdVprZje5YNZMeH_ucRvTiWsomD0=&xsec_source=pc_search&source=unknown,IP属地：广东,http://sns-webpic-qc.xhscdn.com/202508111358/8fb8e354a143e096792bdf8afb471d48/1040g00831jd7a3lm32705n88upllm2257qd7klo!nc_n_webp_mw_1
67dd1cc4000000001d01c035,note,Xmin,04-18,1017,1159,461,,68岁爸爸肺癌确诊，熬过的第三年,https://www.xiaohongshu.com/explore/67dd1cc4000000001d01c035?xsec_token=AB0wHAI3fGSaRJqTO3-E5SWShIQWUCvYOlEhK2JQ9ZC1Q=&xsec_source=pc_search&source=unknown,IP属地：江苏,http://sns-webpic-qc.xhscdn.com/202508111358/03ca2522718c29d9804c36bd6a77bd28/1040g00831f9k05sr70005pofgt2necjbrrgh2t0!nc_n_webp_mw_1
686ce29c000000000b01cb2d,note,自强不息,07-08,1004,345,2052,,,https://www.xiaohongshu.com/explore/686ce29c000000000b01cb2d?xsec_token=ABJGN63b9NHAOxI05HpLmmF5AUdyYPk70QWjNrLJCsNZ4=&xsec_source=pc_search&source=unknown,IP属地：广西,http://sns-webpic-qc.xhscdn.com/202508111358/e774f0a5c867f4780aeb0896bf680bbc/1040g00831jm0t0nujq005pv2iktji8a3kg0sbs8!nc_n_webp_mw_1
67b07cb8000000001703933d,note,momo,03-14,987,803,1659,,,https://www.xiaohongshu.com/explore/67b07cb8000000001703933d?xsec_token=ABBYt2UEV8Mkk7s5ihmlLsgPkyY04Qg9OzOLXHOsVwJ5s=&xsec_source=pc_search&source=unknown,IP属地：湖南,http://sns-webpic-qc.xhscdn.com/202508111358/f5298913162ca97dad349647efd5e030/1040g2sg31du1f03q0mdg5po0sbo7c9u3d4cscog!nc_n_webp_mw_1
6898412d000000000403db06,note,肿瘤科主任,昨天 14:50,1156,1594,382,,10分钟可灭瘤，不开刀不麻醉，全程没痛感,https://www.xiaohongshu.com/explore/6898412d000000000403db06?xsec_token=ABZVFH-g5vopu6bXHd9vD8_JrEe8lNQCMj2GjI4KIaMGw=&xsec_source=pc_search&source=unknown,IP属地：广东,http://sns-webpic-qc.xhscdn.com/202508111358/7fdeb9b77e408c93db2b855fa3f1fef2/spectrum/1040g34o31l0bgma4kk0g5puuk6n5vsuedcro350!nc_n_webp_mw_1
684aa8ff000000000303deff,note,小雅碎碎念,06-12,921,1193,36,,得了癌症，这些救命钱一定要去领,https://www.xiaohongshu.com/explore/684aa8ff000000000303deff?xsec_token=ABOXDknvDLKTr_LpcMKo_oAKNtmn0EREmllg3zkqu75hw=&xsec_source=pc_search&source=unknown,无,"http://sns-webpic-qc.xhscdn.com/202508111358/481f27830e497b87d0f8e95cf070766a/notes_pre_post/1040g3k831ikjbtji0ckg5pjmidfgu6uietovdoo!nc_n_webp_mw_1,http://sns-webpic-qc.xhscdn.com/202508111358/1cee43bbfe477915bc4af6de2465c1ae/notes_pre_post/1040g3k031ikjbtovge605pjmidfgu6ui3nkptqo!nc_n_webp_mw_1,http://sns-webpic-qc.xhscdn.com/202508111358/d131afd8f97a58c7a5257de6ba05d81f/notes_pre_post/1040g3k831ikjbtjig26g5pjmidfgu6uigcg6qv0!nc_n_webp_mw_1,http://sns-webpic-qc.xhscdn.com/202508111358/d1b3f9c86ec85d0bce6a85a80eeeac01/notes_pre_post/1040g3k831ikjbtjhga505pjmidfgu6ui36g26po!nc_n_webp_mw_1,http://sns-webpic-qc.xhscdn.com/202508111358/7f7de480aa0b6b068391a08584dd0ae4/notes_pre_post/1040g3k831ikjbtjhg86g5pjmidfgu6ui3kl3if8!nc_n_webp_mw_1,http://sns-webpic-qc.xhscdn.com/202508111358/ffdc2d39ff4c55ca6f018b63ab168849/notes_pre_post/1040g3k831ikjbtjhg2rg5pjmidfgu6uib3fu478!nc_n_webp_mw_1"
688719c3000000001301066f,note,雪儿医谈,07-28,881,225,870,,癌症晚期的妈妈,https://www.xiaohongshu.com/explore/688719c3000000001301066f?xsec_token=ABTpxtng31sYHmAUKmF9oDUA4pUl66yvlwgMgexTnYV2g=&xsec_source=pc_search&source=unknown,IP属地：广东,http://sns-webpic-qc.xhscdn.com/202508111358/22761c8c47b9b8952a1d2436fc49eeb0/1040g2sg31kff36i7j0g05q3gobin9epvtcap3io!nc_n_webp_mw_1
6879a1f4000000000d01b476,note,佑康,07-18,874,189,2982,,,https://www.xiaohongshu.com/explore/6879a1f4000000000d01b476?xsec_token=ABfVsmxy_TfFjycZAmx9s0tRy969zl-dd9X6O-musm_cg=&xsec_source=pc_search&source=unknown,IP属地：浙江,http://sns-webpic-qc.xhscdn.com/202508111358/30a937f3efcc4c44d3e0b3a2ed7f1829/1040g00831k2f83diig6g5pqgdtendihgmpu0a90!nc_n_webp_mw_1
688874120000000025025f61,note,刘长明,07-30,877,528,369,,,https://www.xiaohongshu.com/explore/688874120000000025025f61?xsec_token=ABRGFvNh5Jah2hXBZP_PljcygKjGRcACjfATssLiaCO9o=&xsec_source=pc_search&source=unknown,IP属地：广东,http://sns-webpic-qc.xhscdn.com/202508111358/b4fd0267ba2c866ad43780882fcf28c7/1040g00831kgud4au48605q3gof9jfijv8pin2co!nc_n_webp_mw_1
6856d4070000000012021ffd,note,山河枕,06-21,699,275,805,,,https://www.xiaohongshu.com/explore/6856d4070000000012021ffd?xsec_token=ABtjRMQ711NKRjabf-nnpG2SGCZFUsJ6fHPP-kHDFJBNk=&xsec_source=pc_search&source=unknown,IP属地：湖南,http://sns-webpic-qc.xhscdn.com/202508111358/d877cdfa63b79238b369e4da7e662866/1040g2sg31j0fhf87h4s05o33r6vg9amd2evi4c8!nc_n_webp_mw_1
67ad641c000000001703bd42,note,丫西222,02-13,680,877,142,,父亲确诊肺癌晚期，病情终于稳定,https://www.xiaohongshu.com/explore/67ad641c000000001703bd42?xsec_token=ABR9NijMznF8OWs8UbLXwkVrSWPEHYI0EhfD0uon9L9nI=&xsec_source=pc_search&source=unknown,无,http://sns-webpic-qc.xhscdn.com/202508111358/e056b74c4ead283c24f0f272209fb94e/notes_pre_post/1040g3k831dquntms0u1049da2upm6v3a6tjstmg!nc_n_webp_mw_1
6863d84f000000001c037647,note,小红薯6614D9FE,07-01,638,289,2001,,,https://www.xiaohongshu.com/explore/6863d84f000000001c037647?xsec_token=ABEMfT9K1Fca5eRhDZdVprZo4CI8vrUMVoxjNSCK36S7k=&xsec_source=pc_search&source=unknown,无,http://sns-webpic-qc.xhscdn.com/202508111358/78218684b1a995ef02dd5ebb09f3d691/1040g2sg31jd65dm1ioe05pgjsbb2u2cfa99ii00!nc_n_webp_mw_1
6758306c000000000402b1c8,note,北北爱吃辣(陪父母抗癌),2024-12-10,619,272,338,,家人确诊癌症 ≠天塌了,https://www.xiaohongshu.com/explore/6758306c000000000402b1c8?xsec_token=AB4OzGhq6g2A4_zLUUBBzFv4iIKHi2e1CYvfaZ6O8hSAE=&xsec_source=pc_search&source=unknown,IP属地：河北,http://sns-webpic-qc.xhscdn.com/202508111358/c1291bb6e3b746f9f9079de7cb479a3c/1040g2sg31b7q4vhvnqdg5o4l15hgbs144dom208!nc_n_webp_mw_1
66964ba1000000000302404e,note,尚安安,2024-07-27,589,462,936,,关于肠癌五年生存率,https://www.xiaohongshu.com/explore/66964ba1000000000302404e?xsec_token=ABrsL_FOwf2I0unO53Gt9MR-g_uarfe63Q_ma301g87i8=&xsec_source=pc_search&source=unknown,IP属地：安徽,"http://sns-webpic-qc.xhscdn.com/202508111358/8cb404c6546b50994f8f90d3c98e54d0/1040g2sg315oso4vjgu005oof6adkg0iqbod0vdg!nc_n_webp_mw_1,http://sns-webpic-qc.xhscdn.com/202508111358/7e65af7179824f90f4303baae87f5aa4/1040g2sg315aev85ohc7g5oof6adkg0iqecig4s8!nc_n_webp_mw_1"
667901bf000000001c025480,note,小红薯60842EC0,2024-06-24,566,216,1032,,胃癌晚期，胃癌多发转移,https://www.xiaohongshu.com/explore/667901bf000000001c025480?xsec_token=ABuzLYvi1rxIMtuomV809B7q2I2lCOT0EhsnWF5Aa4P2E=&xsec_source=pc_search&source=unknown,无,http://sns-webpic-qc.xhscdn.com/202508111358/a0af31246fbe9f249a30b549ee68c3c2/1040g2sg314drjakmmicg5o43fs00870s9dirlco!nc_n_webp_mw_1
6808467b000000001b03de68,note,孑洍,04-23,500,306,1004,,妈妈右肺中叶切除了,https://www.xiaohongshu.com/explore/6808467b000000001b03de68?xsec_token=ABCf5p-PiyDlgux2-Mbo5s-YAInGECZVsBgORY4tqvnMI=&xsec_source=pc_search&source=unknown,无,http://sns-webpic-qc.xhscdn.com/202508111358/dc1f1d645391417aad8ac63cde586377/1040g00831gjoasf9ju004a521pragrflf1e0rc0!nc_n_webp_mw_1
687736990000000017036416,note,小红薯650C1AB4,07-16,486,213,539,,肠癌，从确诊到离开只有短短2个月,https://www.xiaohongshu.com/explore/687736990000000017036416?xsec_token=ABYFg1GXQCakau-cx-mqj63DDuzBFsZhVkdFBaEhRipRk=&xsec_source=pc_search&source=unknown,IP属地：湖南,http://sns-webpic-qc.xhscdn.com/202508111358/f37c00d9c5084f677b36f46c233252b5/1040g2sg31k03dbv7j0e05p8bi50ln8g3od9b9tg!nc_n_webp_mw_1
6891b6df00000000250152a0,note,冰美式不加糖,5天前,488,447,414,,,https://www.xiaohongshu.com/explore/6891b6df00000000250152a0?xsec_token=ABwJ3aVA24PgeOEbBW2z3MtAzjfzFgHftFXsbxq3VYmpo=&xsec_source=pc_search&source=unknown,IP属地：广东,http://sns-webpic-qc.xhscdn.com/202508111359/94f73f3f2008e9bd5f71bdc7e79708e6/notes_pre_post/1040g3k831kpvq55t36d05pp08iine7shvacc7ho!nc_n_webp_mw_1
685e70b3000000002400e79d,note,FNTK.886,06-27,472,145,445,,没关系的，没有比这更糟糕的了,https://www.xiaohongshu.com/explore/685e70b3000000002400e79d?xsec_token=ABpnu-BIBzv5Zh7Z4xbVWdxC7M2MbPePgTKDIxTtmcHh4=&xsec_source=pc_search&source=unknown,IP属地：上海,http://sns-webpic-qc.xhscdn.com/202508111359/0583f4719dab7f8fa24540b34aa124f8/1040g00831j7t78jbj0004a0j3gi3ijf15t5h0jo!nc_n_webp_mw_1
67bc53470000000029036826,note,大标（抗癌11年),02-24,436,146,70,,你还不知道，亲人得了A症，一定要做的事,https://www.xiaohongshu.com/explore/67bc53470000000029036826?xsec_token=ABjCwU2vGAI2qvmQfB7Y6pbf4Vtrjj9JI9-mlZraOQALs=&xsec_source=pc_search&source=unknown,IP属地：山东,http://sns-webpic-qc.xhscdn.com/202508111359/0fdadf0dfdb9bde88164afd225d9cf8b/1040g00831e9jd3qp080g5p97a0kqocegv72kkog!nc_n_webp_mw_1
680d93b1000000000d0169b6,note,永远健康,04-27,423,197,708,,,https://www.xiaohongshu.com/explore/680d93b1000000000d0169b6?xsec_token=ABFLG8YCqXt9FlE0DpNBjr4r9Tv36dP4WvPFMSTaYRTmY=&xsec_source=pc_search&source=unknown,IP属地：河南,http://sns-webpic-qc.xhscdn.com/202508111359/7c4ee283b8100d611b06cd2df220532f/1040g00831gougob93s605pf5rbqiu3r5udepju8!nc_n_webp_mw_1
6800ce5a000000001d017469,note,咕噜咕噜宝,07-28,415,372,576,,给刚确诊胃癌病友家属的一些忠告,https://www.xiaohongshu.com/explore/6800ce5a000000001d017469?xsec_token=ABY7fUhqj9OlogS4gDaUkBNvaXM0Tn9tLIyerAv5ypkcM=&xsec_source=pc_search&source=unknown,IP属地：广东,http://sns-webpic-qc.xhscdn.com/202508111359/5290674dbc4f32ea4de9c13674e48ce4/1040g2sg31gcfdsql3ie05n58d74k81tn1n33o5o!nc_n_webp_mw_1
67a35044000000001902dc93,note,江陵,02-05,372,173,705,,,https://www.xiaohongshu.com/explore/67a35044000000001902dc93?xsec_token=AB18hkSQus4Ncy_OC0PkM-yFITkEE8nnLpgbEf9kA53Mk=&xsec_source=pc_search&source=unknown,IP属地：河北,http://sns-webpic-qc.xhscdn.com/202508111359/928045ad9bee306c6a230878ed62a85c/1040g00831dh5pbohh0005nol9ng08ob0ilihkpo!nc_n_webp_mw_1
688f19850000000003025e97,note,护你周全健康生活,08-03,361,138,572,,姥姥确诊了胰腺癌，已扩散至枕骨区域,https://www.xiaohongshu.com/explore/688f19850000000003025e97?xsec_token=ABKyBKlXW1Yg7Q4TN1e3miLLyx2__CXdys1xe2Samtlw4=&xsec_source=pc_search&source=unknown,IP属地：天津,http://sns-webpic-qc.xhscdn.com/202508111359/4509803d82852b79d6c7a194f5408b42/1040g2sg31kndsasriokg5q1bqoaji9c9v13vi28!nc_n_webp_mw_1
6827e7b400000000220358ee,note,紫罗兰,05-17,349,322,790,,得了肝癌以后，能活30年吗,https://www.xiaohongshu.com/explore/6827e7b400000000220358ee?xsec_token=ABPVjXC1vRyljyEtO2yIAYLPrj8_6uBps4VbPzVxLQIaM=&xsec_source=pc_search&source=unknown,无,http://sns-webpic-qc.xhscdn.com/202508111359/9138e54b0071a00fda3ec8bc009c2350/1040g00831hikd9f7k2005q0hvie3jguuqkb4370!nc_n_webp_mw_1
686a8203000000000b02f725,note,陈沈的光影世界,07-06,347,71,944,,有这样的领导好还是不好？,https://www.xiaohongshu.com/explore/686a8203000000000b02f725?xsec_token=ABVx8BxGASJ94fE5vwaoAC_6vyqcjnyX1hlYcdUMQEwnc=&xsec_source=pc_search&source=unknown,IP属地：广东,"http://sns-webpic-qc.xhscdn.com/202508111359/3cc12705ff2c486484cf8a5a08e1eb92/1040g2sg31jjmgg3jii9g5q0kl8q3i038q71sblg!nc_n_webp_mw_1,http://sns-webpic-qc.xhscdn.com/202508111359/96d7e0c54826b9994729256277021e05/1040g2sg31jjmgg3jii8g5q0kl8q3i038dav8smg!nc_n_webp_mw_1,http://sns-webpic-qc.xhscdn.com/202508111359/bd95ad1dd419adff16d8d836405f96e5/1040g2sg31jjmgg3jiidg5q0kl8q3i0382ljnda8!nc_n_webp_mw_1,http://sns-webpic-qc.xhscdn.com/202508111359/bec7c1c79cd39eda9bd29b1c98eb4ac0/1040g2sg31jjmgg3jii805q0kl8q3i038kspm0bg!nc_n_webp_mw_1"
67b53cdb000000000603e911,note,丫西222,02-19,345,321,174,,🌸 83岁奶奶抗癌抉择,https://www.xiaohongshu.com/explore/67b53cdb000000000603e911?xsec_token=ABPFbLC5NIQ13AJ9eZDyedKBFYNR6MdP_B4ueAvTgHKCs=&xsec_source=pc_search&source=unknown,无,http://sns-webpic-qc.xhscdn.com/202508111359/652767e441101c766ef122e48202fcf8/1040g00831e2lthec100049da2upm6v3atcm8c8o!nc_n_webp_mw_1
6870e3ff0000000023006337,note,以观沧海,07-11,341,78,1299,,公婆两人都得癌症，我不生二胎了,https://www.xiaohongshu.com/explore/6870e3ff0000000023006337?xsec_token=ABM7c2VaLX5-o5nWTFbYlvxp83G4FtHELFuRWd0Du7KOU=&xsec_source=pc_search&source=unknown,IP属地：广东,http://sns-webpic-qc.xhscdn.com/202508111359/00ed38649a99fae01945d09ae790517e/1040g2sg31jpshlnuj2705n8a7rv4h8gj0gg47s0!nc_n_webp_mw_1
6851127e0000000022026e0d,note,陪着老爸打怪兽！,06-17,336,283,1094,,,https://www.xiaohongshu.com/explore/6851127e0000000022026e0d?xsec_token=AB0YX-tZorkYbZjZVGp_2Rm68jwr_BcyRinynMZ-6jzuw=&xsec_source=pc_search&source=unknown,无,http://sns-webpic-qc.xhscdn.com/202508111359/c97b25aefdefa6edd408da0e5f568fd2/notes_pre_post/1040g3k031iqro240hc6g5ornekmnrcdakevkilo!nc_n_webp_mw_1
681730f800000000230106df,note,顺利,05-04,331,75,790,,,https://www.xiaohongshu.com/explore/681730f800000000230106df?xsec_token=ABBqaSCWm9iNnpFsaI1GzpD9TYUeE_hc-v7v_uQCyUFjE=&xsec_source=pc_search&source=unknown,IP属地：山东,http://sns-webpic-qc.xhscdn.com/202508111359/304d31e84eb83a7e9db99bbd69b554a2/1040g00831h2ausvr346g5p5nba143hugjkje4m0!nc_n_webp_mw_1
6862abe70000000010012415,note,早日康复,06-30,319,271,24,,肺癌经历分享,https://www.xiaohongshu.com/explore/6862abe70000000010012415?xsec_token=AB1daY4HAXyuvkM6klEnPvHS_f0JX6YOSA_mhtxaLpEQ4=&xsec_source=pc_search&source=unknown,IP属地：广东,http://sns-webpic-qc.xhscdn.com/202508111359/8bb7e38c5b7144962ccf7de3fc819dda/notes_pre_post/1040g3k031jc1etdn324g5q2q310nb70u3fneteo!nc_n_webp_mw_1
67f91607000000001c0158ec,note,春暖花开,04-11,305,185,324,,确诊胃癌后的各种安慰和谎言,https://www.xiaohongshu.com/explore/67f91607000000001c0158ec?xsec_token=AB_Bo4ZGDrL0Plun8dnMb0_Uj4pdgAJxTj1S7zBkFAaTo=&xsec_source=pc_search&source=unknown,IP属地：湖南,http://sns-webpic-qc.xhscdn.com/202508111359/42a064464029376e73d327a506b5441f/notes_pre_post/1040g3k831g4u5sdfhad05n3nfe5483t49130750!nc_n_webp_mw_1
68820019000000002203210f,note,一天到晚就知道吃,07-24,305,144,1143,,她现在状态明明很好，为什么医院不愿意接收,https://www.xiaohongshu.com/explore/68820019000000002203210f?xsec_token=AB0If3m-eqOqkN7LJs_DguRngd16_HWaxd7Itir6v1Peo=&xsec_source=pc_search&source=unknown,IP属地：江苏,http://sns-webpic-qc.xhscdn.com/202508111359/c3e95381367c2e64b812de7e89373816/1040g00831kakfig4j2605q33pqsn91qmin3mdio!nc_n_webp_mw_1
67fc8d84000000000b02c64e,note,小红薯5E77793B,04-14,301,43,937,,,https://www.xiaohongshu.com/explore/67fc8d84000000000b02c64e?xsec_token=ABGshBmcGSxXG3RPd03AzZQUTkvYtr5OMor21dNd2W__o=&xsec_source=pc_search&source=unknown,无,http://sns-webpic-qc.xhscdn.com/202508111359/6a355cab4672c3f8890324698751317c/notes_pre_post/1040g3k831g8a8fv0hs6g5njnarn08l67cbdmli8!nc_n_webp_mw_1
682dbfd10000000022037ae3,note,祝好,05-21,300,104,356,,愿病痛远离每个人❤️,https://www.xiaohongshu.com/explore/682dbfd10000000022037ae3?xsec_token=ABccsox4HLs8tFh5vKH078voSDzszUnhqYAyAIKqnGiNQ=&xsec_source=pc_search&source=unknown,IP属地：山西,http://sns-webpic-qc.xhscdn.com/202508111359/30e78f8f19ef496a98f37d63f67f79ef/1040g00831hobt3up426g5patfb5kfo89nhcphmg!nc_n_webp_mw_1
67bd29c9000000002902616a,note,芦苇,03-23,295,119,266,,陪老妈的抗癌之路走到了放弃这一步,https://www.xiaohongshu.com/explore/67bd29c9000000002902616a?xsec_token=ABEtTaDzKxUANsWqCj9XuoDIkrCxFHNz2m0Y0STndORcs=&xsec_source=pc_search&source=unknown,IP属地：吉林,http://sns-webpic-qc.xhscdn.com/202508111359/700f156913aa7467602a4cc974dd63ed/1040g00831eadisevg8005o0m7dgg9c69ms4ov9o!nc_n_webp_mw_1
6892250b000000002500f599,note,江北桃子,5天前,283,135,354,,确认肺癌晚期后半年离世,https://www.xiaohongshu.com/explore/6892250b000000002500f599?xsec_token=ABwpdnTd_9FfErG6JfVJ846wRXfmnwuafzvqECOo8aluo=&xsec_source=pc_search&source=unknown,IP属地：贵州,"http://sns-webpic-qc.xhscdn.com/202508111400/989a7d724e526904a71aa9d56b751544/notes_pre_post/1040g3k831kqd5tlo2adg5nbaa470b4u1gpk0ogg!nc_n_webp_mw_1,http://sns-webpic-qc.xhscdn.com/202508111400/567963e668c00d805b6811294eca616b/notes_pre_post/1040g3k831kqd5tlo3qdg5nbaa470b4u1ddvfia8!nc_n_webp_mw_1,http://sns-webpic-qc.xhscdn.com/202508111400/b4310584bed09e9042c2c0e9d6bf747e/notes_pre_post/1040g3k831kqd5tm6k8dg5nbaa470b4u1c12s4ro!nc_n_webp_mw_1"
67db72bf000000000d015863,note,branda,03-20,278,122,653,,,https://www.xiaohongshu.com/explore/67db72bf000000000d015863?xsec_token=ABQYVlfv5x3NFcdCppBs9anY0ORzM0C-pShu3si9aevuc=&xsec_source=pc_search&source=unknown,IP属地：江苏,http://sns-webpic-qc.xhscdn.com/202508111400/926fa85e08e347affb788af4e6dd5956/1040g2sg31f7vugblmo6g492vluh505tssdiutd0!nc_n_webp_mw_1
687a5540000000001203f026,note,重生之我在小红薯做人,07-18,249,317,280,,,https://www.xiaohongshu.com/explore/687a5540000000001203f026?xsec_token=ABIF1_MxDsfgixnRT8t3FV-mhHlpGKn55lrAT6Oaz69ok=&xsec_source=pc_search&source=unknown,IP属地：广东,http://sns-webpic-qc.xhscdn.com/202508111400/c4c2f65afc5fc7cd342a7805146c51fc/1040g2sg31k354nraio605pmpr4knc4t9tfh2opg!nc_n_webp_mw_1
6875f0660000000012021d84,note,波猫,07-19,234,132,296,,,https://www.xiaohongshu.com/explore/6875f0660000000012021d84?xsec_token=ABWbHVRh9o4rut3hAP2n928XvcpRHqJALSj0OZ-6b3bHo=&xsec_source=pc_search&source=unknown,IP属地：江苏,http://sns-webpic-qc.xhscdn.com/202508111400/6ad51c5f5dc55c9afc4aab69522bcada/1040g00831jurk6bvj20g5q2l00enagni4r1f600!nc_n_webp_mw_1
684bbcb7000000002300c6f8,note,小红薯684C5B28,06-13,224,38,326,,,https://www.xiaohongshu.com/explore/684bbcb7000000002300c6f8?xsec_token=ABNJItTZnhx9GpixLmqsCCYk0LAK-32R2mDr4sI18noI8=&xsec_source=pc_search&source=unknown,无,http://sns-webpic-qc.xhscdn.com/202508111400/cd497f28b8e68fa47574a087fe59828b/1040g2sg31ilkc3780okg5q2bms5naqmsnjfijvo!nc_n_webp_mw_1
67da9a41000000000900e0e5,note,爱吃水果的麦麦,03-24,215,185,112,,妈妈确诊内膜癌，熬过的第一个三年,https://www.xiaohongshu.com/explore/67da9a41000000000900e0e5?xsec_token=AB6fA-K5fadTR63Mc0gcbibZ9pA0_4BLVAn8W43B3njio=&xsec_source=pc_search&source=unknown,IP属地：广东,http://sns-webpic-qc.xhscdn.com/202508111400/578f86bc74a09cd1f29a454a03afcc05/1040g2sg31f75i7mmm6705ppusfun3f3qbvit438!nc_n_webp_mw_1
686f8f2f0000000012031539,note,花开花落,07-10,211,93,709,,,https://www.xiaohongshu.com/explore/686f8f2f0000000012031539?xsec_token=ABZ6hYmNylxuq25JC7TRyDHy6mwa1sS8bZJxjLCOXt1ek=&xsec_source=pc_search&source=unknown,IP属地：广西,http://sns-webpic-qc.xhscdn.com/202508111400/bbe3408e3d34315f94fb019fa378abfc/1040g2sg31jok7qld34705q1lfav790c0b1cjsmg!nc_n_webp_mw_1
688acafe0000000025025759,note,刘长明,07-31,206,122,25,,所有癌症家属必看：续篇 4 个让心变稳的真,https://www.xiaohongshu.com/explore/688acafe0000000025025759?xsec_token=ABF5YReV7cdzurgQl66D5_G2mWCuydMxU3a9THeOSN8JM=&xsec_source=pc_search&source=unknown,IP属地：广东,http://sns-webpic-qc.xhscdn.com/202508111400/cb56331fca16a96d73aad96fb4a40518/1040g00831kj7gitjig5g5q3gof9jfijvhkr5koo!nc_n_webp_mw_1
66680508000000001d01a380,note,蘇来财儿,2024-06-11,198,42,152,,妈妈确诊了癌症，可我卡里只有五千💰,https://www.xiaohongshu.com/explore/66680508000000001d01a380?xsec_token=AB3snfYvGa1ff5LNnSlGM-ntoaWHXl66XPPXqf8JjoBmU=&xsec_source=pc_search&source=unknown,无,"http://sns-webpic-qc.xhscdn.com/202508111400/ead979bdfc45c10a4998f2598176102d/1040g2sg313t8rfkvhmd05opd94d5b3po6a7ddng!nc_n_webp_mw_1,http://sns-webpic-qc.xhscdn.com/202508111400/440a7f419c2f6e2180c2755927628ab3/1040g2sg313t8rfkvhmc05opd94d5b3poapnjl30!nc_n_webp_mw_1,http://sns-webpic-qc.xhscdn.com/202508111400/28b8ab46ca5b21c5fefba1a988054a68/1040g2sg313t8rfkvhm805opd94d5b3po9qp63bg!nc_n_webp_mw_1"
680d7aad000000001c035595,note,momo,04-27,193,103,1072,,,https://www.xiaohongshu.com/explore/680d7aad000000001c035595?xsec_token=ABFLG8YCqXt9FlE0DpNBjr4lJZ-Bewf2i8Tz3N_NENxw8=&xsec_source=pc_search&source=unknown,IP属地：内蒙古,http://sns-webpic-qc.xhscdn.com/202508111400/7acb8dfb26843a43995d390503615de6/1040g00831gorf14ajc004a5g87818130tnouh20!nc_n_webp_mw_1
6879f7f6000000000b01feb0,note,薄荷晨光,07-18,186,77,143,,肺癌从发现到去世仅两个月,https://www.xiaohongshu.com/explore/6879f7f6000000000b01feb0?xsec_token=ABfVsmxy_TfFjycZAmx9s0tadECYC3Tl-kzQBfIA2tal8=&xsec_source=pc_search&source=unknown,IP属地：浙江,http://sns-webpic-qc.xhscdn.com/202508111400/fe25f60c8f491b5f81d14dcdb757a1dc/1040g00831k2pn2blig2g5oipoqh40tmku14fdfo!nc_n_webp_mw_1
6843b98c000000000c03a72b,note,周桃可可,06-07,182,141,612,,每天以泪洗面 人生好没有意义,https://www.xiaohongshu.com/explore/6843b98c000000000c03a72b?xsec_token=ABn4XyU-oAyfIwenREqdMSS4Tn6bd5uLS3f35ginuYipE=&xsec_source=pc_search&source=unknown,IP属地：上海,http://sns-webpic-qc.xhscdn.com/202508111400/9ec803d2f49dd8dc54a573f20ff254fb/1040g00831idqkk1nge005nfi0to085euotdu7lo!nc_n_webp_mw_1
686405ad0000000012017f0a,note,WYL,07-01,180,142,444,,,https://www.xiaohongshu.com/explore/686405ad0000000012017f0a?xsec_token=ABrEVlUh72Se8lSS0w5gM7NiJMz1_gdN4G7qbP-1Q6na4=&xsec_source=pc_search&source=unknown,IP属地：河南,http://sns-webpic-qc.xhscdn.com/202508111400/bfcbe734bc3cff21d77ea8c5de46db27/1040g2sg31jdbguab2g605ne6apb080m2i5q5cv0!nc_n_webp_mw_1
6871e001000000001202e90f,note,陪妈妈的抗癌日记,07-12,184,197,18,,给刚确诊肺癌的友友们一些实用的建议[赞R][,https://www.xiaohongshu.com/explore/6871e001000000001202e90f?xsec_token=AB7ufk9w9tAxyf0cKzpYJRuAyhRx6LZPteEvc_18oGDLY=&xsec_source=pc_search&source=unknown,IP属地：天津,http://sns-webpic-qc.xhscdn.com/202508111400/5b41e61972b8ad4c024bf07205979465/1040g2sg31jqsopa4j2og5oslh4ua3385jf2ltio!nc_n_webp_mw_1
6804f8fb000000001c02a61b,note,小红薯65C42857,04-20,177,119,705,,,https://www.xiaohongshu.com/explore/6804f8fb000000001c02a61b?xsec_token=ABZlSu1W_qjdiTxC9hPIk6NlY_HwsSP5uoDcyTZdL_eUw=&xsec_source=pc_search&source=unknown,IP属地：山西,http://sns-webpic-qc.xhscdn.com/202508111400/62567325ef04ca8a60047420d74e828d/notes_pre_post/1040g3k831gghgagdj8d05pe37ockbep9ohoupuo!nc_n_webp_mw_1
67f61e93000000001d01a504,note,影优劲优,04-09,174,93,580,,,https://www.xiaohongshu.com/explore/67f61e93000000001d01a504?xsec_token=ABKBubllA-kAN50wrXyKMvPHkFtw9NftdC_UIuZyvZGdU=&xsec_source=pc_search&source=unknown,无,http://sns-webpic-qc.xhscdn.com/202508111400/ef3b1d30a97e95dd729891a8003d9bf9/1040g2sg31g21f8bug6605pteqkkj97pgek0puj8!nc_n_webp_mw_1
680a24c5000000001d02db80,note,zhou向阳199101,04-24,174,90,403,,,https://www.xiaohongshu.com/explore/680a24c5000000001d02db80?xsec_token=ABbgzMiOory-0xtbIO6qC0lCDbF_j0WKgj8kTHJEUxUFg=&xsec_source=pc_search&source=unknown,IP属地：江苏,"http://sns-webpic-qc.xhscdn.com/202508111400/18b3c6941de84d09849e0549f5a9946a/1040g00831glj2aibjq0g5nnch94g8d1dpdu291o!nc_n_webp_mw_1,http://sns-webpic-qc.xhscdn.com/202508111400/e3c19fd8f49c8cc049f3aa1c7ded511e/1040g00831glj2aibjq105nnch94g8d1d4hfr78o!nc_n_webp_mw_1,http://sns-webpic-qc.xhscdn.com/202508111400/d3f7ea3cfa403a753b3cf71fce7d5834/1040g00831glj2aibjq2g5nnch94g8d1dmr80ono!nc_n_webp_mw_1,http://sns-webpic-qc.xhscdn.com/202508111400/99a3390b91185796fafb52b43edebef6/1040g00831glj2aibjq1g5nnch94g8d1d5e4qe7o!nc_n_webp_mw_1,http://sns-webpic-qc.xhscdn.com/202508111400/c8de6f51d7a141776438187a0c2bbbc2/1040g00831glj2aibjq205nnch94g8d1dam662io!nc_n_webp_mw_1,http://sns-webpic-qc.xhscdn.com/202508111400/ccc4d22ff6cce8c3f1790cc29f45f979/1040g00831glj2aibjq305nnch94g8d1diidkglg!nc_n_webp_mw_1,http://sns-webpic-qc.xhscdn.com/202508111400/16a369c2315365afb79f6357bf13a5ef/1040g00831glj2aibjq005nnch94g8d1d43a05t0!nc_n_webp_mw_1"
681b238800000000230032a7,note,雾寻风,05-07,172,144,586,,,https://www.xiaohongshu.com/explore/681b238800000000230032a7?xsec_token=ABeNiTJMD4zXdUA__NVMtUZ3caGiR_orks4G-LW9J3GhY=&xsec_source=pc_search&source=unknown,IP属地：广东,http://sns-webpic-qc.xhscdn.com/202508111400/67cc1071031e1810ba39dcad8d8d2800/1040g2sg31h4tp6jk34j05pmeo9tnedri0d05r90!nc_n_webp_mw_1
67f5c73c0000000009017d94,note,小红薯6741F1E5,04-09,171,87,847,,老公患癌，我想离婚可以吗,https://www.xiaohongshu.com/explore/67f5c73c0000000009017d94?xsec_token=ABPN7NjxrSGbiGr1Thz9rVOtLTAGnWSVuD8GoxTwGBohc=&xsec_source=pc_search&source=unknown,IP属地：四川,http://sns-webpic-qc.xhscdn.com/202508111400/ca0f4209219aa848f18f23664aae0530/1040g2sg31g1mq2hagicg5pq1egq7dj446le9vc8!nc_n_webp_mw_1
6831c097000000000c039c8d,note,小小小小花,05-24,169,75,654,,有没有和我一样的独生子女🌧️抱团取暖。,https://www.xiaohongshu.com/explore/6831c097000000000c039c8d?xsec_token=AB3oiVrVtENVWWqWLGG7bjLOVqQe4phpRIy_DRbIXaC1Q=&xsec_source=pc_search&source=unknown,IP属地：天津,http://sns-webpic-qc.xhscdn.com/202508111400/49f87b8c37d23f827dceba04168069ba/notes_pre_post/1040g3k031hs8dnv63u0049l6dkkj6cuh4vjse3g!nc_n_webp_mw_1
685ba3a0000000002001b8b1,note,菜头粿🌟,06-25,148,191,225,,,https://www.xiaohongshu.com/explore/685ba3a0000000002001b8b1?xsec_token=ABGem5plta9jTPFa5T_tHWNqg5GyEZRimrDhMFxXfsauA=&xsec_source=pc_search&source=unknown,IP属地：广东,"http://sns-webpic-qc.xhscdn.com/202508111401/d7bfed5b95e5478f1bca3aacda777792/1040g00831j55uvj7io005pmeoauneev4tb6l888!nc_n_webp_mw_1,http://sns-webpic-qc.xhscdn.com/202508111401/cdee856363cde6076b58e8993592cbb3/1040g00831j55uvj7io0g5pmeoauneev44jd6vk8!nc_n_webp_mw_1"
67c304b20000000029034759,note,陪父抗癌（成功就改名),03-01,145,153,134,,天塌了！只有新农合的父亲是直肠癌，怎么办,https://www.xiaohongshu.com/explore/67c304b20000000029034759?xsec_token=ABhKSlIFukVX3qXYOg-dadwsniWFfM_BHKPGX8c-MhrY8=&xsec_source=pc_search&source=unknown,IP属地：湖南,http://sns-webpic-qc.xhscdn.com/202508111401/c4c77eaff4b7fe61bb8e97389375cb49/spectrum/1040g34o31eg4d5040e005o3n1adg8ttgp7g9kk8!nc_n_webp_mw_1
67dc26a5000000001203e702,note,cookie 🍪,03-20,144,10,88,,帮,https://www.xiaohongshu.com/explore/67dc26a5000000001203e702?xsec_token=ABCQtDCqE_2QmrKDxljEZQgtI07nkRX4jX-_Cfpd9d-vU=&xsec_source=pc_search&source=unknown,IP属地：浙江,"http://sns-webpic-qc.xhscdn.com/202508111401/27fdf0c3f07609a04fd7b0f097b3ba17/1040g00831f8lunkl6e005oi3slnk0kld0pcmss0!nc_n_webp_mw_1,http://sns-webpic-qc.xhscdn.com/202508111401/b7f782cc3306abbfcc35e4e40ebcabde/1040g00831f8lunkl6e0g5oi3slnk0klddhjd358!nc_n_webp_mw_1,http://sns-webpic-qc.xhscdn.com/202508111401/3a20128f270966c77079cd57808b2dbf/1040g00831f8lunkl6e105oi3slnk0kldrfkjoi8!nc_n_webp_mw_1,http://sns-webpic-qc.xhscdn.com/202508111401/e006e7eda2de92f606d33495240ad867/1040g00831f8lunkl6e1g5oi3slnk0kldeteb830!nc_n_webp_mw_1,http://sns-webpic-qc.xhscdn.com/202508111401/c3478ffbb251e096987eb7a5221cb370/1040g00831f8lunkl6e205oi3slnk0kldfjpm1q0!nc_n_webp_mw_1"
682075c6000000000f03854f,note,不是橘子,06-06,142,60,1117,,,https://www.xiaohongshu.com/explore/682075c6000000000f03854f?xsec_token=ABTi2752gKbm1TEEPcqrdFEawzlB2EdeDWWttEpRNjRPY=&xsec_source=pc_search&source=unknown,IP属地：辽宁,http://sns-webpic-qc.xhscdn.com/202508111401/118028ee5c5663186b67cac65a6286fe/1040g2sg31hbcipb8joe05op55c0ovp68vhr87s0!nc_n_webp_mw_1
688794ed000000002400a0c6,note,Lillian,07-28,142,58,464,,怎么办啊我妈得了肝癌,https://www.xiaohongshu.com/explore/688794ed000000002400a0c6?xsec_token=ABTpxtng31sYHmAUKmF9oDUJNCgzy0poBd0f1ieBvlofw=&xsec_source=pc_search&source=unknown,IP属地：浙江,"http://sns-webpic-qc.xhscdn.com/202508111401/a4434cdd30c0f989b088f8313f386990/notes_pre_post/1040g3k831kg2vgo8j2705o3m1kr0bljcigecvt8!nc_n_webp_mw_1,http://sns-webpic-qc.xhscdn.com/202508111401/7940c9d769fa4a3053a5c77c64575780/notes_pre_post/1040g3k831kg2vgo8j27g5o3m1kr0bljc8uuit10!nc_n_webp_mw_1,http://sns-webpic-qc.xhscdn.com/202508111401/f01a08927e6503340214d4ef4001ad9e/notes_pre_post/1040g3k831kg2vgo8j2805o3m1kr0bljcgmrpcd8!nc_n_webp_mw_1,http://sns-webpic-qc.xhscdn.com/202508111401/96ddd16e401ed440f017bcd33c9db7ea/notes_pre_post/1040g3k831kg2vgo8j28g5o3m1kr0bljcnh4iu7g!nc_n_webp_mw_1"
6878987f000000001301243c,note,略过（Live）,2天前,143,100,226,,千万别放弃，爸爸肝癌晚期5年经验分享！,https://www.xiaohongshu.com/explore/6878987f000000001301243c?xsec_token=AB2lqLjBVWVjt2dEmSxt_AcicMj9bD6FZbRIUrRxFVUxo=&xsec_source=pc_search&source=unknown,IP属地：江苏,http://sns-webpic-qc.xhscdn.com/202508111401/2a3871b855c41ff341e4d73f8f72857c/1040g2sg31kfel1agj4605q11k9a2nseefortbi0!nc_n_webp_mw_1
6894be0c00000000250145ff,note,momo,3天前,138,53,189,,心情非常复杂 又忧虑但看到他又好像没事,https://www.xiaohongshu.com/explore/6894be0c00000000250145ff?xsec_token=AB_epMtJI-QdZXuKjqMutPih39P_gCG_TxRtQlfzTkVtw=&xsec_source=pc_search&source=unknown,IP属地：广东,http://sns-webpic-qc.xhscdn.com/202508111401/b5b6fd1f07dc1080c38a6aab79647007/1040g00831ksu9k73k8005o8187k08ipb2csqoho!nc_n_webp_mw_1
6780cb5c000000000203d897,note,平安,01-23,138,52,242,,妈妈得了乳腺癌我却不知道怎么办,https://www.xiaohongshu.com/explore/6780cb5c000000000203d897?xsec_token=ABgXT8u4rU_IY6TR_K8UUU5iZxpcN8aDAtyMVxyt9zZS4=&xsec_source=pc_search&source=unknown,无,http://sns-webpic-qc.xhscdn.com/202508111401/996a152e3bb0d8ca0eb029b05d6bee18/1040g00831cff26n70k6g5ojufnt8csh5lvjq1b8!nc_n_webp_mw_1
68918933000000002302f5a5,note,Qi～祺hu,6天前,137,90,287,,,https://www.xiaohongshu.com/explore/68918933000000002302f5a5?xsec_token=ABwJ3aVA24PgeOEbBW2z3MtMhxrzohgkt73-tirQL45zU=&xsec_source=pc_search&source=unknown,IP属地：河南,http://sns-webpic-qc.xhscdn.com/202508111401/bd6acf40a4aed63aca797dfce9a4103b/1040g00831kpq68nd2u005n34q15kkkn8j0e4kao!nc_n_webp_mw_1
65d3f5f3000000000b022e72,note,禁止焦虑,2024-02-20,133,21,3,,身边朋友的亲人癌症晚期后,https://www.xiaohongshu.com/explore/65d3f5f3000000000b022e72?xsec_token=ABWMU78tMRoOUzNcCkYsDAOhP7vZ9lIBiErTrqj2y6fJQ=&xsec_source=pc_search&source=unknown,IP属地：山东,http://sns-webpic-qc.xhscdn.com/202508111401/a91d2d3129c49e5583628b6e38c59135/1040g00830vcm0ib05g6g5oo3niekg38aar1de9g!nc_n_webp_mw_1
668d3ed100000000250044e4,note,爱笑的梨子姐姐,03-24,133,91,78,,父母确诊癌症晚期，你会选择辞职照顾他吗？,https://www.xiaohongshu.com/explore/668d3ed100000000250044e4?xsec_token=ABQirxbZGycumT6RXUO7v4uQDAsnnenzPC1REpsUg-rPI=&xsec_source=pc_search&source=unknown,IP属地：广东,http://sns-webpic-qc.xhscdn.com/202508111401/0fdc56a0eb8e763033cc6e2a3c49db90/1040g0083151k56hfgm00493mlr5f86kv9a44d9g!nc_n_webp_mw_1
67c83fe1000000000e006dd0,note,蘸一点奶油,03-05,131,62,177,,,https://www.xiaohongshu.com/explore/67c83fe1000000000e006dd0?xsec_token=ABS9tOBaTqZgkiEVLp52IILoFRBlQK2Z9uzZzZBeNnogE=&xsec_source=pc_search&source=unknown,IP属地：河北,http://sns-webpic-qc.xhscdn.com/202508111401/10a3597ae47fa94c517579f6d9badacf/1040g2sg31el81bhl58dg5otls3g9grt0pcr5g68!nc_n_webp_mw_1
682763eb000000000f031178,note,乔治没有来🙃,05-17,129,56,424,,,https://www.xiaohongshu.com/explore/682763eb000000000f031178?xsec_token=ABPVjXC1vRyljyEtO2yIAYLHUzxvPigzefoyiFZddGR98=&xsec_source=pc_search&source=unknown,IP属地：四川,http://sns-webpic-qc.xhscdn.com/202508111401/f19068604f877c3a74fe7d717cb4ca19/1040g00831hi563l7ju005oe4ioi40vbgkscgit0!nc_n_webp_mw_1
68552be1000000000b02d4a3,note,沐沐,07-22,127,36,83,,老公结肠癌五年情况稳定，没走什么弯路,https://www.xiaohongshu.com/explore/68552be1000000000b02d4a3?xsec_token=ABkS7QmDiIFN7t6owbQDKOhhwD94OEqQ3oB2bGMpNuM8E=&xsec_source=pc_search&source=unknown,IP属地：广东,http://sns-webpic-qc.xhscdn.com/202508111401/71212b4f8bf74ced88377d13aee311ec/1040g2sg31j0rvlvbgojg5pvcs0pj97v9p4b75co!nc_n_webp_mw_1
681364cc00000000210053e9,note,太^o^阳,05-01,128,28,58,,妈妈，我还没准备好和你说再见😭,https://www.xiaohongshu.com/explore/681364cc00000000210053e9?xsec_token=ABpN8FOrRDhZoRyS_-EbQFNXi7BCU_mg-Q7uibCEgSO5s=&xsec_source=pc_search&source=unknown,IP属地：重庆,"http://sns-webpic-qc.xhscdn.com/202508111401/9393e7e15e89ba91c5fede6552754e8c/notes_pre_post/1040g3k031guk9i7o3o6g5nonqr00850l3rc5md8!nc_n_webp_mw_1,http://sns-webpic-qc.xhscdn.com/202508111401/ecab7532be1e26f47454d5090e92ac88/notes_pre_post/1040g3k031guk9i98ju605nonqr00850ll9aleho!nc_n_webp_mw_1,http://sns-webpic-qc.xhscdn.com/202508111401/be44c519564d7f785940b6843c5df69c/notes_pre_post/1040g3k031guk9i7sju6g5nonqr00850lianhlqg!nc_n_webp_mw_1,http://sns-webpic-qc.xhscdn.com/202508111401/2e0fa3a5905b6c46469679d863dd5067/notes_pre_post/1040g3k031guk9i7q3u6g5nonqr00850lqhgl5mo!nc_n_webp_mw_1,http://sns-webpic-qc.xhscdn.com/202508111401/0ffb4dbf128e8da088581b896fb4d99a/notes_pre_post/1040g3k031guk9i7k3u6g5nonqr00850lss2g11o!nc_n_webp_mw_1"
680e371100000000210199fa,note,晴空万里无云,04-27,126,100,49,,在抗癌的路上，家属如何自救（1 ）,https://www.xiaohongshu.com/explore/680e371100000000210199fa?xsec_token=ABuzKyZgoI8j3BAELi9m6KhFr9m4sex5L1LRTf8jomKd0=&xsec_source=pc_search&source=unknown,IP属地：爱尔兰,http://sns-webpic-qc.xhscdn.com/202508111401/5da035f91f191bfd99259cef6c1a5b36/1040g00831gpieruq3o005n2qjtnk85oq5mp1hoo!nc_n_webp_mw_1
684c5880000000002300e62a,note,补药世间我啊,06-14,124,24,194,,,https://www.xiaohongshu.com/explore/684c5880000000002300e62a?xsec_token=ABj-QH5s4oeSmjYfqSJTqQyEw8hQI2LWODc15lDCpB9zU=&xsec_source=pc_search&source=unknown,IP属地：安徽,http://sns-webpic-qc.xhscdn.com/202508111401/e3d7d15526b49970851d75037ae24472/1040g2sg31im7v3mi0se05p6pu1sga1plvlpcpjg!nc_n_webp_mw_1
682c16f8000000000c03b09b,note,等风来,05-20,125,96,472,,对象家人癌症，要分手吗？,https://www.xiaohongshu.com/explore/682c16f8000000000c03b09b?xsec_token=ABj_Bzo84uz6nGf4YOgAGGHFDp2BzXP6MU1QO7en9vREI=&xsec_source=pc_search&source=unknown,无,http://sns-webpic-qc.xhscdn.com/202508111401/8e3f75790d1f05cda6238ba04860e701/1040g00831hmo0gq0js6g5ppquui08daded9e190!nc_n_webp_mw_1
6888e9fa0000000003027c75,note,打不倒的小强。,07-29,118,46,1155,,,https://www.xiaohongshu.com/explore/6888e9fa0000000003027c75?xsec_token=ABRGFvNh5Jah2hXBZP_Pljc_SvF9v1g9UEhb1aoYC8Vjs=&xsec_source=pc_search&source=unknown,IP属地：江西,http://sns-webpic-qc.xhscdn.com/202508111401/5c984f2a74f6b1947631160849ace905/1040g00831khcposc346g49emns0js1lhev0ntv8!nc_n_webp_mw_1
67a30b70000000002a00273c,note,一颗土豆,02-05,120,24,123,,希望你们不会懂,https://www.xiaohongshu.com/explore/67a30b70000000002a00273c?xsec_token=AB18hkSQus4Ncy_OC0PkM-yFyIiisyGX1AVpg3fbCZ380=&xsec_source=pc_search&source=unknown,无,http://sns-webpic-qc.xhscdn.com/202508111401/031867ba79ccc678e11899cb7beb7790/1040g00831dgtcg2l0e005por1ljncai1edlp9b0!nc_n_webp_mw_1
685661ab000000001202e4f0,note,一只港妹到处跑,06-21,107,31,370,,求妈妈病情不太严重,https://www.xiaohongshu.com/explore/685661ab000000001202e4f0?xsec_token=ABtjRMQ711NKRjabf-nnpG2Q6fTpkoIZIkHsF4mW05DAY=&xsec_source=pc_search&source=unknown,IP属地：中国香港,http://sns-webpic-qc.xhscdn.com/202508111403/eaaa318bf837316026a2ee7595343f99/1040g2sg31j01lasfhe705n1kgphhkn30m3fphcg!nc_n_webp_mw_1
6858b6180000000024009d75,note,永远爱她,06-25,107,23,185,,如何释怀,https://www.xiaohongshu.com/explore/6858b6180000000024009d75?xsec_token=ABECkD-NYuFd-LzKbTAgxIn58fmMpTn7t66BHQZkYLgB0=&xsec_source=pc_search&source=unknown,IP属地：山西,http://sns-webpic-qc.xhscdn.com/202508111403/9f83d6c8a02445ddac4519ebad1fecc7/1040g00831j2af4g1he005pt2ubd3jnlfcjm5crg!nc_n_webp_mw_1
6879b5a70000000013012005,note,生如夏花,07-18,106,63,108,,千万别放弃 肺ca晚期12年经验分享,https://www.xiaohongshu.com/explore/6879b5a70000000013012005?xsec_token=ABfVsmxy_TfFjycZAmx9s0tXdS6Faw9GEUjcA8xqk9Ud4=&xsec_source=pc_search&source=unknown,IP属地：广东,http://sns-webpic-qc.xhscdn.com/202508111403/e5c8d3e61efc5c7c9fd4c420a3ffd92e/1040g00831k2hl2h9iu605q366final7634e5198!nc_n_webp_mw_1
67ffd2d9000000001c013ab1,note,不准摸鱼,04-16,105,141,140,,鼻咽癌求助,https://www.xiaohongshu.com/explore/67ffd2d9000000001c013ab1?xsec_token=ABFUQUv6HyNjoGNo6-EylE0CWRPzAxtF5akk1kiCcpBmE=&xsec_source=pc_search&source=unknown,无,http://sns-webpic-qc.xhscdn.com/202508111403/9ed61f73a6fe68d689ff32bdc55a7c2c/1040g00831gbgneobj4005o2sejagbuadj4hvfi8!nc_n_webp_mw_1
68368221000000000f039b36,note,小耶要赚钱,05-28,109,95,676,,家人患癌，你们都花了多少钱了？,https://www.xiaohongshu.com/explore/68368221000000000f039b36?xsec_token=ABTds181lzhfzf1nNgGK_zbKOUrP45uynTSPTxV-43nIA=&xsec_source=pc_search&source=unknown,IP属地：四川,http://sns-webpic-qc.xhscdn.com/202508111403/4b477c7b730030ee61f1fa8b20da1eda/notes_pre_post/1040g3k031i0tir8ana605pof4okncaactm7rfno!nc_n_webp_mw_1
683409760000000022006ce9,note,发财,05-26,99,81,556,,,https://www.xiaohongshu.com/explore/683409760000000022006ce9?xsec_token=ABCWJ2NWpoR0kxiPZdnsdbOGY85omfUhNTbaC3qv1e2Co=&xsec_source=pc_search&source=unknown,IP属地：辽宁,http://sns-webpic-qc.xhscdn.com/202508111403/ea8a2330a7f2bcd050ce15805208398d/notes_pre_post/1040g3k031hugcov5ju605ph5o1a2uf0h4lkad3o!nc_n_webp_mw_1
684692c2000000000c03879c,note,粉糖果🍬（陪爷爷抗癌日记）,06-09,95,40,137,,,https://www.xiaohongshu.com/explore/684692c2000000000c03879c?xsec_token=ABCRkMqLFRWRh02mhImVeD7FWmWFZpR4jJIICrW0VL2LM=&xsec_source=pc_search&source=unknown,IP属地：广东,http://sns-webpic-qc.xhscdn.com/202508111403/c2a0ed21015dc92bb6c760c747a804a4/1040g2sg31igjl3hq02e05poi35p7e0om46db61o!nc_n_webp_mw_1
685133f10000000021005aa8,note,桃子🍑,6天前,92,128,95,,,https://www.xiaohongshu.com/explore/685133f10000000021005aa8?xsec_token=AB0YX-tZorkYbZjZVGp_2Rm07hzOrZNMdMlGGQ4oxIx_I=&xsec_source=pc_search&source=unknown,IP属地：广东,http://sns-webpic-qc.xhscdn.com/202508111403/4b0968319bb665e2c502653c8860d27b/1040g2sg31iqvqn0iha705ppqs6d7dn53fjk8ebg!nc_n_webp_mw_1
687c81df000000000d0260c1,note,亦菲的衣柜,07-20,92,88,115,,,https://www.xiaohongshu.com/explore/687c81df000000000d0260c1?xsec_token=AB7F0Kh13js6k0lvCjhC_AXOXeysO89_7YCqjY16fGIk8=&xsec_source=pc_search&source=unknown,IP属地：广东,http://sns-webpic-qc.xhscdn.com/202508111403/cfde8d09692abdd47924b4beb24332dc/1040g2sg31k5934s948e05ps5uq227i5pkcnt3ao!nc_n_webp_mw_1
6831207d000000002300e6f7,note,iF,05-24,89,58,268,,,https://www.xiaohongshu.com/explore/6831207d000000002300e6f7?xsec_token=AB3oiVrVtENVWWqWLGG7bjLCXxg-h0gtZUixu7PNhjbVw=&xsec_source=pc_search&source=unknown,IP属地：福建,http://sns-webpic-qc.xhscdn.com/202508111403/639b4658fc194fac7b30a14e0e543f0b/notes_pre_post/1040g3k831hrleo4142d05pppn0gndokf8vn1ul8!nc_n_webp_mw_1
686e1eb60000000012023e5c,note,小哀同学,07-18,90,54,355,,,https://www.xiaohongshu.com/explore/686e1eb60000000012023e5c?xsec_token=AB-H9uZHTMO7rMCqPMIRpKledmTTX2L2RdmguNGCmUVpQ=&xsec_source=pc_search&source=unknown,IP属地：江苏,http://sns-webpic-qc.xhscdn.com/202508111403/b701c37ba123ff1ab8ddf07687cb9921/1040g2sg31jn70i8qioo05q33he66r7ts10olqa8!nc_n_webp_mw_1
607af4da00000000010248ed,note,肉肉仙人球,2021-04-18,88,21,13,,小编只能说：大家要按时体检，注意饮食、休息,https://www.xiaohongshu.com/explore/607af4da00000000010248ed?xsec_token=AB0vSP4IYgsv3yKrOabMndzhII5_x2LGn9IznvIv04z9k=&xsec_source=pc_search&source=unknown,IP属地：广东,http://sns-webpic-qc.xhscdn.com/202508111403/4dc56612bd746fe13d9f675526fc06be/92cceaba-65b3-3791-a247-15be0d11d254!nc_n_webp_mw_1
685e3bbe000000002400a4db,note,Pumpup,06-27,88,18,338,,,https://www.xiaohongshu.com/explore/685e3bbe000000002400a4db?xsec_token=ABpnu-BIBzv5Zh7Z4xbVWdxCvv1HHCSVKNAm5UthoaLPI=&xsec_source=pc_search&source=unknown,IP属地：广东,http://sns-webpic-qc.xhscdn.com/202508111403/991ae93783db5c8921050c4a7c4e3a70/1040g2sg31j7mmc4oj2e05q0b51m390lut0sbin0!nc_n_webp_mw_1
684d8bb100000000230038a2,note,陪爸爸打怪升级,06-14,86,61,146,,我从父亲确诊胃癌以后的一些经验之谈,https://www.xiaohongshu.com/explore/684d8bb100000000230038a2?xsec_token=ABknZmG0FEnYBJLHUDOwXvAASlwg1qCY13Gf1I1AW53Ns=&xsec_source=pc_search&source=unknown,IP属地：江苏,http://sns-webpic-qc.xhscdn.com/202508111403/33255ef45835083bdff7118552221f7d/notes_pre_post/1040g3k831incjdp7guhg5pfar1d197oe5negk2g!nc_n_webp_mw_1
67d99380000000001b0266d0,note,缺口🐇,03-18,84,38,295,,妈妈得了乳腺癌,https://www.xiaohongshu.com/explore/67d99380000000001b0266d0?xsec_token=ABqCjnmdi2gpe_1SQ06n26dYtouj7FBV4eCP6gP079MhA=&xsec_source=pc_search&source=unknown,无,"http://sns-webpic-qc.xhscdn.com/202508111403/902e8016341c3222d67737a60ca8e5ad/notes_pre_post/1040g3k831f65g07qmscg4a0p86k1ok1r79ujfdo!nc_n_webp_mw_1,http://sns-webpic-qc.xhscdn.com/202508111403/086eae04f21a2ba2f174329978175dbb/notes_pre_post/1040g3k831f65g07rmmdg4a0p86k1ok1rjbdqfto!nc_n_webp_mw_1"
685f38740000000022032dd9,note,开开心,06-28,83,79,386,,妈妈已经卵巢癌三年多了,https://www.xiaohongshu.com/explore/685f38740000000022032dd9?xsec_token=ABLKohDNw7Z-14GrBISiCku02jspJiYuRViDWZJpShfBc=&xsec_source=pc_search&source=unknown,IP属地：安徽,http://sns-webpic-qc.xhscdn.com/202508111403/e98b68c697fed7eed22a919e6b8b52ba/1040g00831j8lsbbij46g5ppt7klndmrvamt9088!nc_n_webp_mw_1
6816e195000000000b016071,note,就这样,05-04,81,32,156,,对于照顾癌症患者家庭，情绪波动真的很大。,https://www.xiaohongshu.com/explore/6816e195000000000b016071?xsec_token=ABEp_dgwk9IwqGxbhf-hbWB3sitOpoIjnKYpAyRUc3sWE=&xsec_source=pc_search&source=unknown,无,http://sns-webpic-qc.xhscdn.com/202508111403/6c40651fff3d76cf327f9425b51072eb/1040g00831h21907cjo005ob96b1nuuuroa6mrr8!nc_n_webp_mw_1
672cc12b000000001a01ed13,note,吃饱了就好,2024-11-07,80,35,117,,难以言语的痛,https://www.xiaohongshu.com/explore/672cc12b000000001a01ed13?xsec_token=ABW8PkouiTlh8YV7CVe-DcguNQglZMVk4FdR2PV37kWN4=&xsec_source=pc_search&source=unknown,无,http://sns-webpic-qc.xhscdn.com/202508111403/fa7746c83e0ec7f80aa7e6c37b5b75ea/1040g008319tcqd0amo6g5nr06ei0bu1mdkr1gpg!nc_n_webp_mw_1
687d91f10000000017034427,note,Lemon🍋,07-21,76,16,122,,,https://www.xiaohongshu.com/explore/687d91f10000000017034427?xsec_token=AB8o6hhRUwyaVbRNLrKJEZxpfV05wKVqiJzXldBXn-pg8=&xsec_source=pc_search&source=unknown,IP属地：吉林,http://sns-webpic-qc.xhscdn.com/202508111403/5d2f5b1461107feb48db26511167cdb9/1040g2sg31k69op0234e04b9laudbvk2ublq35b8!nc_n_webp_mw_1
67db8db7000000001201d33a,note,妈妈健康长命百岁,03-20,75,64,136,,,https://www.xiaohongshu.com/explore/67db8db7000000001201d33a?xsec_token=ABQYVlfv5x3NFcdCppBs9anegFBp5vrcqL2-fFp6avjhc=&xsec_source=pc_search&source=unknown,IP属地：北京,http://sns-webpic-qc.xhscdn.com/202508111403/e0472ae40e526850dbb14fd549ac9602/1040g2sg31f839d0f66505o71307gbu6eqtdqrig!nc_n_webp_mw_1
6870d7bf000000002203f377,note,小胖张的快乐日记,07-11,74,33,400,,肺癌晚期,https://www.xiaohongshu.com/explore/6870d7bf000000002203f377?xsec_token=ABM7c2VaLX5-o5nWTFbYlvxkNbWHMHZiQogRI4HB0r7i4=&xsec_source=pc_search&source=unknown,IP属地：天津,http://sns-webpic-qc.xhscdn.com/202508111404/dd4e15c142f489a38727402624178a30/1040g00831jpsbk1fj4005oqtfec65n80lnc68dg!nc_n_webp_mw_1
688c7ffa0000000023019a68,note,momo,08-01,74,54,316,,妈妈测出癌胚抗原140了怎么办,https://www.xiaohongshu.com/explore/688c7ffa0000000023019a68?xsec_token=ABr8-nabItGnI_ye4JhswqH4lmU4TJ5PfZXB9t5WUq_eU=&xsec_source=pc_search&source=unknown,IP属地：辽宁,"http://sns-webpic-qc.xhscdn.com/202508111404/fac08a4980e6394acf6b1b377bfcca31/notes_pre_post/1040g3k831kkskjd8iu205pbg19go5v4d7s883rg!nc_n_webp_mw_1,http://sns-webpic-qc.xhscdn.com/202508111404/73453c442d6286d4c469e03ee3cb4c43/notes_pre_post/1040g3k831kkskjd8iu2g5pbg19go5v4dkf0kj2g!nc_n_webp_mw_1,http://sns-webpic-qc.xhscdn.com/202508111404/a97115e4ea4bc86ef05e254f9f670543/notes_pre_post/1040g3k831kkskjd8iu305pbg19go5v4dglejl2g!nc_n_webp_mw_1"
68552112000000001001214a,note,棉花糖🌸,06-28,74,32,167,,妈妈胃 癌晚期现在第5年啦,https://www.xiaohongshu.com/explore/68552112000000001001214a?xsec_token=ABkS7QmDiIFN7t6owbQDKOhrwW0UfxS-OldZ_DMVNxl80=&xsec_source=pc_search&source=unknown,无,http://sns-webpic-qc.xhscdn.com/202508111404/64aef31a1c6de1155c2a228cf4fdc9aa/1040g2sg31iuqgsg71i005q27q38mra1hjfhc0pg!nc_n_webp_mw_1
6857e94d0000000011002906,note,momo(大富大贵版）,06-22,72,48,279,,,https://www.xiaohongshu.com/explore/6857e94d0000000011002906?xsec_token=ABXYzdReqgjyXv4JKIeTTtlBaW3R6eb8S9vnFH5NSTc6Q=&xsec_source=pc_search&source=unknown,IP属地：重庆,http://sns-webpic-qc.xhscdn.com/202508111404/4d06315928eea97d5bde2c1833477584/1040g2sg31j1hf5jfgme04a6dtffl5g0i9etasm8!nc_n_webp_mw_1
681c1b68000000002300e3b6,note,凤仪吃饱饱,05-08,72,25,498,,,https://www.xiaohongshu.com/explore/681c1b68000000002300e3b6?xsec_token=ABd5Y1UtcPkRhypKrB5h5HT9kFQzJyT13wMTf9eObiBC4=&xsec_source=pc_search&source=unknown,IP属地：四川,http://sns-webpic-qc.xhscdn.com/202508111404/304ad327d760d64ced6614fe359abc11/notes_pre_post/1040g3k831h74fep838kg5pli2ur7c2oph6ettkg!nc_n_webp_mw_1
685b635b00000000120304a6,note,可以努力吗,06-25,73,44,867,,直肠癌晚期没多少天了,https://www.xiaohongshu.com/explore/685b635b00000000120304a6?xsec_token=ABGem5plta9jTPFa5T_tHWNvuOILh2tcDntY1uBcm5aRg=&xsec_source=pc_search&source=unknown,IP属地：山东,http://sns-webpic-qc.xhscdn.com/202508111404/761183dafd13fbac6992bb0e4a503f38/1040g00831j4u3u4d2o6g5o2r8k1g8c9sv8i5oho!nc_n_webp_mw_1
6856bc4a0000000017031f29,note,大学生陪爸爸抗癌,06-21,72,35,300,,,https://www.xiaohongshu.com/explore/6856bc4a0000000017031f29?xsec_token=ABtjRMQ711NKRjabf-nnpG2WHrX5qq5-dvUN7UzZI2OhE=&xsec_source=pc_search&source=unknown,IP属地：河北,http://sns-webpic-qc.xhscdn.com/202508111404/d71e4674d81f931fd0830eaa6c9b00c0/1040g2sg31j0ciinj1eeg5q0oikh3jkof82pojp8!nc_n_webp_mw_1
686ff9e9000000000d024bde,note,Momo,07-11,72,19,114,,家人患癌后，我该怎么生活,https://www.xiaohongshu.com/explore/686ff9e9000000000d024bde?xsec_token=ABZ6hYmNylxuq25JC7TRyDHz_ekLX74Gnx7mFvOhx2ss0=&xsec_source=pc_search&source=unknown,IP属地：河南,http://sns-webpic-qc.xhscdn.com/202508111404/e88171017fcb6d8f83509cbb10dc0c7e/1040g00831jp17a2lig005pjnk6t1ojkoblmknh8!nc_n_webp_mw_1
688e01350000000023029a86,note,我是小潘耶,08-02,71,7,6,,请求大家帮忙，和爸爸都被确诊癌症,https://www.xiaohongshu.com/explore/688e01350000000023029a86?xsec_token=ABKaiVVZDLFeCIHecGBFBz4LsdAf2P5fiLJL6DsVqr6xU=&xsec_source=pc_search&source=unknown,IP属地：广东,http://sns-webpic-qc.xhscdn.com/202508111404/a3cc9edac53a896d64e4b90bfa888326/1040g00831km1ufeb2u005on0lopnjks2sqnlhrg!nc_n_webp_mw_1
6850cdc2000000000c03bfda,note,等下一个天亮,07-13,72,11,44,,妈妈胃癌已经快六年了，一直很稳定,https://www.xiaohongshu.com/explore/6850cdc2000000000c03bfda?xsec_token=ABgIkcZ8RyIePWriECYD1EsTRjMltPum2aLRBdyAVPnT0=&xsec_source=pc_search&source=unknown,IP属地：江苏,http://sns-webpic-qc.xhscdn.com/202508111404/8da0d2e19d75ccbff3494bbc4d9ba97d/1040g2sg31jlu17hj30dg5q2158hnarb0v47qaco!nc_n_webp_mw_1
68677516000000000d0267af,note,冰美式不加糖,08-01,68,47,188,,肺癌家属我想对你说,https://www.xiaohongshu.com/explore/68677516000000000d0267af?xsec_token=ABrZBIZOX1Z6qaghCECD0aD3ACEAgj8PPvPSEDpmE5ZAw=&xsec_source=pc_search&source=unknown,IP属地：广东,http://sns-webpic-qc.xhscdn.com/202508111404/352deb4b71ce31b5d279de01d9f4ef00/1040g00831jgn74ja3o4g5pp08iine7shog7fh40!nc_n_webp_mw_1
6873acbf00000000130111f0,note,忘记那年春.,07-13,66,49,199,,我该如何接受爸爸得肺癌这件事,https://www.xiaohongshu.com/explore/6873acbf00000000130111f0?xsec_token=AB9cYsCYn3R47Lc2K_8Fk6uRxFjviPN2w-9uN6Y2qUauw=&xsec_source=pc_search&source=unknown,IP属地：湖北,http://sns-webpic-qc.xhscdn.com/202508111404/a2252110d144f3fd0ec3aa232df73610/1040g2sg31jskidg62ue05oo5r0njolidqptbdp8!nc_n_webp_mw_1
686e44bd00000000100119d4,note,👑玲,07-09,65,47,215,,,https://www.xiaohongshu.com/explore/686e44bd00000000100119d4?xsec_token=AB-H9uZHTMO7rMCqPMIRpKlUjZWxwCQqSKePeg6HAUWtg=&xsec_source=pc_search&source=unknown,IP属地：湖南,http://sns-webpic-qc.xhscdn.com/202508111404/c3baeba31db33fd33dc264aef27ac3fc/1040g2sg31jnc2vrbjq70491g1lmbd9dl2hpo5a8!nc_n_webp_mw_1
67ed29bc0000000009015272,note,佳怡,07-17,65,41,241,,作为癌症患者家属，大家是怎么熬过来的？,https://www.xiaohongshu.com/explore/67ed29bc0000000009015272?xsec_token=ABJrO5PnOLxlSRrrCQxZL8nC2GWgtI1_GOqcEAHhFCVFA=&xsec_source=pc_search&source=unknown,IP属地：广东,http://sns-webpic-qc.xhscdn.com/202508111404/3883a053ede0b86285ffd8c1fa3b6481/1040g00831fp9ir2702005oealjdk1uofsod2ohg!nc_n_webp_mw_1
684bd86f000000002202fd99,note,王同学,06-13,63,35,312,,,https://www.xiaohongshu.com/explore/684bd86f000000002202fd99?xsec_token=ABNJItTZnhx9GpixLmqsCCYpaZManIW79E_dhNH30jVKw=&xsec_source=pc_search&source=unknown,IP属地：湖北,http://sns-webpic-qc.xhscdn.com/202508111404/11bf185cadceeb32628180cec0384675/notes_pre_post/1040g3k031iloa7rhgm405p0lpue4c0gsu8le85o!nc_n_webp_mw_1
6888e7e80000000023023468,note,努力很好,07-29,61,11,210,,,https://www.xiaohongshu.com/explore/6888e7e80000000023023468?xsec_token=ABRGFvNh5Jah2hXBZP_Pljc8W9KvK65_JIQwm-INdBLvk=&xsec_source=pc_search&source=unknown,IP属地：四川,http://sns-webpic-qc.xhscdn.com/202508111404/333643d3573c6aa4f0df366980ddee35/1040g2sg31khce2f334e04a4a3ptap2fos4c2evg!nc_n_webp_mw_1
6890138b000000000403cb16,note,ǔ,5天前,65,48,118,,浸润性腺癌术后才一年怎么就这样了,https://www.xiaohongshu.com/explore/6890138b000000000403cb16?xsec_token=ABdB0PcxZ05kS068sNqgOvtiwMnOAFhcrZDVrfNWxzSvI=&xsec_source=pc_search&source=unknown,IP属地：湖北,"http://sns-webpic-qc.xhscdn.com/202508111404/ad2399b94def8c1f9d35c3054be0a684/1040g00831kock5b6io705orgn8pnrd51uhjlss8!nc_n_webp_mw_1,http://sns-webpic-qc.xhscdn.com/202508111404/1ee7096aad0897e79bb162ee7ad3b4d0/1040g00831kock5b6io805orgn8pnrd516q4o29o!nc_n_webp_mw_1,http://sns-webpic-qc.xhscdn.com/202508111404/f2097b314e417bc733decf2b3d69250d/1040g00831kock5b6io7g5orgn8pnrd51jj5sha0!nc_n_webp_mw_1"
683c4e930000000022025327,note,陪爸爸打怪兽！,06-01,61,67,336,,,https://www.xiaohongshu.com/explore/683c4e930000000022025327?xsec_token=AB8ZwCK0kWRSEpRQMd7v3ld4lCGZgcsWJPrT8-DMdVckk=&xsec_source=pc_search&source=unknown,无,http://sns-webpic-qc.xhscdn.com/202508111404/fdb81e21fd64ab4a44329e9879e1b6c1/1040g2sg31i6iqbui7a705q187dh3jjij6ufjnig!nc_n_webp_mw_1
686fd67800000000130107fe,note,烤串捶爆地球,07-10,60,60,385,,,https://www.xiaohongshu.com/explore/686fd67800000000130107fe?xsec_token=ABZ6hYmNylxuq25JC7TRyDH90X1GsgNfgcgiRtAScDmZ0=&xsec_source=pc_search&source=unknown,IP属地：浙江,http://sns-webpic-qc.xhscdn.com/202508111404/3278941f9647354f57dbe2593f41d5f6/1040g2sg31jot4ukc2oe05nkc9vi089scnl2vrqo!nc_n_webp_mw_1
687b13bb0000000023006a77,note,ccd,07-19,61,9,185,,妈妈肺癌晚期，五年多了，一直很稳定,https://www.xiaohongshu.com/explore/687b13bb0000000023006a77?xsec_token=AB9Phe5uwmK3LvEdZXSkLysrLVUNciUc9KkO5w0l60A0A=&xsec_source=pc_search&source=unknown,IP属地：广东,http://sns-webpic-qc.xhscdn.com/202508111404/7debfb62efb75806f68d312eb6b74955/spectrum/1040g34o31k3rgoqtk8105q2qafl7903abggolho!nc_n_webp_mw_1
6848ceb1000000001101f0e2,note,小红薯65E41EEE,06-11,59,23,137,,我的爸爸直肠癌晚期怎么救,https://www.xiaohongshu.com/explore/6848ceb1000000001101f0e2?xsec_token=ABlW9BsqVOa3xetuQz7fsDSTQo7duPGZFe2gWu8-zj0Wc=&xsec_source=pc_search&source=unknown,IP属地：上海,"http://sns-webpic-qc.xhscdn.com/202508111405/0e2e22e074df13ed867fc60429505233/1040g00831iipf5kega005pf375e19jhs3hh2fj0!nc_n_webp_mw_1,http://sns-webpic-qc.xhscdn.com/202508111405/42f43b3f4348e6ba6815f012a4996aff/1040g00831iipf5kega0g5pf375e19jhs2ghrsv0!nc_n_webp_mw_1,http://sns-webpic-qc.xhscdn.com/202508111405/8ef53515fcb01f4e00dc9a401a6405c1/1040g00831iipf5kega105pf375e19jhsse8rq0o!nc_n_webp_mw_1,http://sns-webpic-qc.xhscdn.com/202508111405/1199009b1da08c1aa2049724665f59c3/1040g00831iipf5kega1g5pf375e19jhshpj1f8g!nc_n_webp_mw_1,http://sns-webpic-qc.xhscdn.com/202508111405/75809e0ca68bb9abb5e01434ee2b398d/1040g00831iivp21g08005pf375e19jhsq2j7or8!nc_n_webp_mw_1,http://sns-webpic-qc.xhscdn.com/202508111405/2f5185174a213b637b22879de3e50710/1040g00831iipf5kega2g5pf375e19jhspsqv1t0!nc_n_webp_mw_1"
6801dfd4000000001c03335d,note,感恩生活-,04-18,58,47,180,,,https://www.xiaohongshu.com/explore/6801dfd4000000001c03335d?xsec_token=AB7VCTgSli6RF5UA50hOI3Hvkmif-gcWRXWxU-PuN9-sk=&xsec_source=pc_search&source=unknown,IP属地：广东,http://sns-webpic-qc.xhscdn.com/202508111405/956a8d52c80ae69dc889bbcf230968f3/1040g00831gdgq57s3c005nugsdgg8nadceoih70!nc_n_webp_mw_1
683da30c000000002100e11b,note,米小鼠,06-02,57,13,68,,当妈妈确诊癌症,https://www.xiaohongshu.com/explore/683da30c000000002100e11b?xsec_token=ABLQgoQcmkUPDyNxQeA1QoVuxorDx35H_p30lXIX7Eo0I=&xsec_source=pc_search&source=unknown,IP属地：陕西,http://sns-webpic-qc.xhscdn.com/202508111405/fb436a193fc0ef3815b76503eb2b2e4d/notes_pre_post/1040g3k831i7s5j6un0e0447g0jdl0mclehr5ja8!nc_n_webp_mw_1
6854f746000000002400fd16,note,小红薯6535BFBA,06-20,57,25,145,,,https://www.xiaohongshu.com/explore/6854f746000000002400fd16?xsec_token=AB0ggJEk6AGRgzXFsEAaj_wewyHdSkx3i_ijtHlDj6Hpg=&xsec_source=pc_search&source=unknown,IP属地：湖北,http://sns-webpic-qc.xhscdn.com/202508111405/5c9c8a71de381316af59ea08ad7e972f/1040g00831iul3ma7hc005p9kg0rhgpde84lnl90!nc_n_webp_mw_1
6871d94f0000000012015ace,note,小晴小阳台,07-17,55,53,41,,小细胞肺癌十年，我们做对了什么,https://www.xiaohongshu.com/explore/6871d94f0000000012015ace?xsec_token=AB7ufk9w9tAxyf0cKzpYJRuDSYJbBUSBzsvq4ZzH_Pz4w=&xsec_source=pc_search&source=unknown,IP属地：湖北,http://sns-webpic-qc.xhscdn.com/202508111405/5c6fd211b9bc71771b1dae29a9a41918/notes_pre_post/1040g3k031jqq76tsig1g5q0g5nfji79rr0vcn60!nc_n_webp_mw_1
6890b5eb000000002303621a,note,momo,6天前,55,32,285,,,https://www.xiaohongshu.com/explore/6890b5eb000000002303621a?xsec_token=ABdB0PcxZ05kS068sNqgOvtnLb31OxwFY98junOX9Dr0E=&xsec_source=pc_search&source=unknown,IP属地：广西,http://sns-webpic-qc.xhscdn.com/202508111405/7ede2a4a7453e7799ce5b644e0621373/1040g00831kp0duuc34605p6ivvmap9nhu1eioco!nc_n_webp_mw_1
687a700100000000130110e2,note,家人平安健康无病无灾,07-19,55,20,208,,,https://www.xiaohongshu.com/explore/687a700100000000130110e2?xsec_token=ABIF1_MxDsfgixnRT8t3FV-qyvVsceQDeyw8aaWQhARm4=&xsec_source=pc_search&source=unknown,IP属地：海南,http://sns-webpic-qc.xhscdn.com/202508111405/112b6014e57b198f6f167745dbd65fe4/1040g2sg31k38ak6d2o705p561r02k4is18g96ao!nc_n_webp_mw_1
681d451900000000120073af,note,独居女孩呀,05-09,54,39,10,,不求这篇给我流量，但求你让需要的人能搜到,https://www.xiaohongshu.com/explore/681d451900000000120073af?xsec_token=ABruQoGm5EaotGrqwuLrlreRPqJ2Fag8Efxya01naNKNs=&xsec_source=pc_search&source=unknown,IP属地：广东,"http://sns-webpic-qc.xhscdn.com/202508111405/d3d4515f9ff2cf037f6873c681e516a1/spectrum/1040g0k031h88kdg9j4005po5672ne3b5duhfue0!nc_n_webp_mw_1,http://sns-webpic-qc.xhscdn.com/202508111405/0bb29e52ad81330284aa1f1cca034612/spectrum/1040g34o31h88knpck2305po5672ne3b5euket10!nc_n_webp_mw_1,http://sns-webpic-qc.xhscdn.com/202508111405/4c9d303d02cfe55425e44804f60ca727/spectrum/1040g34o31h88knpck23g5po5672ne3b5rpa0b98!nc_n_webp_mw_1,http://sns-webpic-qc.xhscdn.com/202508111405/bac231f705012b5ea65f68792e511774/spectrum/1040g34o31h88knpck2405po5672ne3b5j51o7h8!nc_n_webp_mw_1,http://sns-webpic-qc.xhscdn.com/202508111405/921bdf940f50f4ce440aba4c390be26c/spectrum/1040g34o31h88knpck24g5po5672ne3b5cqchi6g!nc_n_webp_mw_1,http://sns-webpic-qc.xhscdn.com/202508111405/c0100a45feb339fc24e8410e86be2f63/spectrum/1040g34o31h88knpck2505po5672ne3b5dl7ps1o!nc_n_webp_mw_1,http://sns-webpic-qc.xhscdn.com/202508111405/67e4f3e6b8d26034dc9eb94c0577c3bd/spectrum/1040g34o31h88knpck25g5po5672ne3b5ia7dnio!nc_n_webp_mw_1"
685bd993000000001c0329e1,note,栀骨弦音,06-25,52,30,202,,求求了,https://www.xiaohongshu.com/explore/685bd993000000001c0329e1?xsec_token=ABGem5plta9jTPFa5T_tHWNtFML8wsm6BsFvdF86c4FXc=&xsec_source=pc_search&source=unknown,IP属地：安徽,http://sns-webpic-qc.xhscdn.com/202508111405/52a4f03f53fc51ae3201a16fd672e7fc/1040g00831j5cbj1jj0605nl1kan08tmq8grskog!nc_n_webp_mw_1
68182278000000000c03ac03,note,我叫小C.（重生版）,05-05,51,32,196,,想听听乳腺癌患者家属的心声,https://www.xiaohongshu.com/explore/68182278000000000c03ac03?xsec_token=ABovWP7lq0C9pRNOpg95dw0g9O8WQKosFh1Dhl0tuQ8t4=&xsec_source=pc_search&source=unknown,IP属地：广西,http://sns-webpic-qc.xhscdn.com/202508111405/73999c9c327b47f3061300742b55ad19/1040g00831h37ec1v3u6g5offhu0418qb7iub7og!nc_n_webp_mw_1
687519f7000000001d00f15c,note,冯烨,07-15,51,25,202,,母亲确诊胰腺癌，目前正在抗癌中,https://www.xiaohongshu.com/explore/687519f7000000001d00f15c?xsec_token=ABWbHVRh9o4rut3hAP2n928fK0mZO1wFKSk3LrZ4dn04o=&xsec_source=pc_search&source=unknown,IP属地：浙江,http://sns-webpic-qc.xhscdn.com/202508111405/96afc7daeed8f1258c894e6896559362/1040g00831jttq1uf2o005pqs8vq63kis9dddesg!nc_n_webp_mw_1
6892fd1a0000000025018887,note,春天繁华,1天前,50,17,61,,晚期转移≠终点，妈妈乳腺癌晚期已过10年,https://www.xiaohongshu.com/explore/6892fd1a0000000025018887?xsec_token=ABwpdnTd_9FfErG6JfVJ8461toQu2Y4wDOWaSt9gt_6o8=&xsec_source=pc_search&source=unknown,IP属地：广东,http://sns-webpic-qc.xhscdn.com/202508111405/70404b67e7317d358a2462cc77812e09/1040g2sg31kq2e2ldk85g5q3oimcjfgm4k3re5c0!nc_n_webp_mw_1
680a2287000000001200e6fa,note,一切顺遂,04-24,49,11,65,,陪爸爸走抗癌之路,https://www.xiaohongshu.com/explore/680a2287000000001200e6fa?xsec_token=ABbgzMiOory-0xtbIO6qC0lAvcdkY2K-6FC6PrBqhYk1I=&xsec_source=pc_search&source=unknown,无,http://sns-webpic-qc.xhscdn.com/202508111405/9c395b3e987751b10fc8cdedb85ba762/1040g00831glinhfi3o6g5oaqjbggjlen4se4tvg!nc_n_webp_mw_1
62c19e3d000000002103da45,note,陪爸爸抗癌の长女[冲6年版],2022-08-29,49,8,85,,没想到那么多年轻得癌症的病人,https://www.xiaohongshu.com/explore/62c19e3d000000002103da45?xsec_token=ABB9A9wf06CtlIVPGX7SstgZfuiVBGM1DW27kKrQLtU8A=&xsec_source=pc_search&source=unknown,IP属地：江苏,"http://sns-webpic-qc.xhscdn.com/202508111405/ed682802035a0c83b8562f7926e95db2/01027301ktiezh8akva011ahr591a3vm65!nc_n_webp_mw_1,http://sns-webpic-qc.xhscdn.com/202508111405/42eb154e8c6b75399b3d5ec86eca4125/01027301ktiezh8akva011ahr592jwlgba!nc_n_webp_mw_1,http://sns-webpic-qc.xhscdn.com/202508111405/146207a12eb93268fec10da2cb136e39/01027301ktiezh8akva011ahr593fejdle!nc_n_webp_mw_1,http://sns-webpic-qc.xhscdn.com/202508111405/25f5424591ffde521866ae1910e28c78/01027301ktiezh8akva011ahr594yuvykh!nc_n_webp_mw_1"
68400d28000000002301056e,note,饭团.煖煖姐妹｜善终陪伴,06-04,48,19,99,,52岁爸爸确诊晚期，家里只有20w治还是不治？,https://www.xiaohongshu.com/explore/68400d28000000002301056e?xsec_token=ABQrgCweYL5JTV3ETb_jkFDkNPgn8raq2K2hG2XpHqBJQ=&xsec_source=pc_search&source=unknown,IP属地：上海,http://sns-webpic-qc.xhscdn.com/202508111405/3cba3a8d8dfad5ceddea1729768fa4c7/1040g2sg31ia7r7i4mke05pqhk0tnduec5m1evvg!nc_n_webp_mw_1
686b6b850000000010010d13,note,木易,07-07,48,5,123,,老公胃癌 没什么存款真的天塌了,https://www.xiaohongshu.com/explore/686b6b850000000010010d13?xsec_token=ABxgzezgsFbFtrBRMwm9F2jfNEBao0athechCI-buGij8=&xsec_source=pc_search&source=unknown,无,http://sns-webpic-qc.xhscdn.com/202508111405/dd851e7c8b14e9e1341c4c6e71391198/1040g2sg31jke6gg336e05q2ubll79ffj744ta90!nc_n_webp_mw_1
68527cf5000000000d0193f8,note,爸爸身体健康，平平安安。,06-18,47,38,419,,,https://www.xiaohongshu.com/explore/68527cf5000000000d0193f8?xsec_token=ABMoI9hZSO-a9GjYgrLu7N8OenpFFmJtCm8qH5XoHP_2s=&xsec_source=pc_search&source=unknown,IP属地：甘肃,http://sns-webpic-qc.xhscdn.com/202508111405/9add24a99f8ea68586202870bd2d1638/notes_pre_post/1040g3k831is7vucl0m6g5nm7kdkg88vokomo95o!nc_n_webp_mw_1
6827edd6000000002001f8da,note,陪妈妈抗癌中,05-17,48,31,199,,,https://www.xiaohongshu.com/explore/6827edd6000000002001f8da?xsec_token=ABPVjXC1vRyljyEtO2yIAYLCybSM_DHGuPk82hu2oqAUc=&xsec_source=pc_search&source=unknown,无,http://sns-webpic-qc.xhscdn.com/202508111405/5101d430a80d088ff20a5c5e455fe032/notes_pre_post/1040g3k031hilho2m3q005ps18kb27j8dv84rpb0!nc_n_webp_mw_1
665f2e60000000000e03018b,note,canokay,2024-06-04,47,15,79,,父亲癌晚期,https://www.xiaohongshu.com/explore/665f2e60000000000e03018b?xsec_token=ABPKVI6EdUGdoOs8wWyXjdy-oFzh84bAongTHBNES1Hek=&xsec_source=pc_search&source=unknown,无,http://sns-webpic-qc.xhscdn.com/202508111405/8c5144ee586c956d9033a43d23a0e8e0/1040g008313kkks8i0s005nrs174083svsg8jim0!nc_n_webp_mw_1
689825d5000000002303252d,note,嚯嚯耶,1天前,45,14,176,,癌症真的拖垮一个家,https://www.xiaohongshu.com/explore/689825d5000000002303252d?xsec_token=ABZVFH-g5vopu6bXHd9vD8_H2xEwkSEK2jL-JPGaDypVc=&xsec_source=pc_search&source=unknown,IP属地：湖南,http://sns-webpic-qc.xhscdn.com/202508111405/5e1fae11e6b9fe08d98933c437521eaa/1040g00831l08lvo7j2005p0p2of4ia06r287ft8!nc_n_webp_mw_1
6870d6080000000023006c24,note,爱彬彬,07-11,45,10,108,,,https://www.xiaohongshu.com/explore/6870d6080000000023006c24?xsec_token=ABM7c2VaLX5-o5nWTFbYlvxgNiCEqGExyhXICx5EzlF5s=&xsec_source=pc_search&source=unknown,IP属地：安徽,http://sns-webpic-qc.xhscdn.com/202508111406/fb576f319e8e7ac9faa67d174129d643/notes_pre_post/1040g3k031jpr86ktj20g5nc149i08k2r0qqgqa0!nc_n_webp_mw_1
681f492c000000000303e422,note,Hygge,05-10,44,11,98,,,https://www.xiaohongshu.com/explore/681f492c000000000303e422?xsec_token=ABNOMS8Tj_f6jA9wkJRqE5zza7bTLUMKjYY9HRPrXGdJ0=&xsec_source=pc_search&source=unknown,IP属地：吉林,http://sns-webpic-qc.xhscdn.com/202508111406/98313045aa6c2a165511c1bbcdb549bf/notes_pre_post/1040g3k831ha7tlaj3udg5p369ck44mvbk0b77ng!nc_n_webp_mw_1
6853d27b000000001002692e,note,小红薯6731545B,06-19,44,9,137,,妈妈得了乳腺癌，我要辞职陪她吗,https://www.xiaohongshu.com/explore/6853d27b000000001002692e?xsec_token=ABf0e2zZH0xgxGk5FXdQkMl0ypWRkXn1UVXF9hxwPHcSQ=&xsec_source=pc_search&source=unknown,无,http://sns-webpic-qc.xhscdn.com/202508111406/dd1af9e2d7f69b3ca48e2142fe9e8f1c/1040g2sg31ithm0tg0m005ppgmicn38713tsmll8!nc_n_webp_mw_1
683c7455000000002301c62f,note,不嘻嘻的哈士奇,06-01,42,12,177,,,https://www.xiaohongshu.com/explore/683c7455000000002301c62f?xsec_token=AB8ZwCK0kWRSEpRQMd7v3ld1ukV4piJXUMSRhyZq1CD-Y=&xsec_source=pc_search&source=unknown,IP属地：浙江,http://sns-webpic-qc.xhscdn.com/202508111406/006417bc68b40a5aa136df3b3e7a7b08/notes_pre_post/1040g3k031i6ne8o1mk005o6a1shg85hokj9grj0!nc_n_webp_mw_1
68625f9c0000000012016023,note,babe,07-11,43,17,47,,妈妈结肠癌晚期度过三年啦,https://www.xiaohongshu.com/explore/68625f9c0000000012016023?xsec_token=AB1daY4HAXyuvkM6klEnPvHZh-fVJE7jOmzhUAJgqIHaQ=&xsec_source=pc_search&source=unknown,IP属地：江苏,http://sns-webpic-qc.xhscdn.com/202508111406/7f7c3610baddfb97b378742ada841827/1040g2sg31jbo6mo9ig005q16tp6injnh1dkse58!nc_n_webp_mw_1
68886b170000000023018037,note,小狗日记,07-29,42,21,151,,,https://www.xiaohongshu.com/explore/68886b170000000023018037?xsec_token=ABRGFvNh5Jah2hXBZP_Pljc3Tg8LD3x6raUSFL_tnAVRY=&xsec_source=pc_search&source=unknown,IP属地：广东,http://sns-webpic-qc.xhscdn.com/202508111406/e1b0086e08ce395acd569fcec6a3b5f2/1040g00831kgta4tnj26g5pmhcpm7e6eco003c6g!nc_n_webp_mw_1
688c3426000000002303742c,note,阿鑫啊,08-01,41,24,451,,,https://www.xiaohongshu.com/explore/688c3426000000002303742c?xsec_token=ABr8-nabItGnI_ye4JhswqHxibvwyF_xVksMAbMlLVjAs=&xsec_source=pc_search&source=unknown,IP属地：上海,http://sns-webpic-qc.xhscdn.com/202508111406/6c43563d5c459b5a0eeb457695be5c3f/1040g00831kkjfn1h2u005nmoskpg82aukuo1gc0!nc_n_webp_mw_1
67d2d7f80000000009016c45,note,小星星叶,03-14,39,2,14,,女朋友妈妈患癌了，要不要分手,https://www.xiaohongshu.com/explore/67d2d7f80000000009016c45?xsec_token=ABV5FzWiBC0jpNQGBzQJsxoKA_lniIwOiPmnyWLXnHlOg=&xsec_source=pc_search&source=unknown,无,"http://sns-webpic-qc.xhscdn.com/202508111406/167a41790b28b79d88358507b2f7bf6d/1040g2sg31evj3elv6ikg5p6kuq3gi5flhmpqhc8!nc_n_webp_mw_1,http://sns-webpic-qc.xhscdn.com/202508111406/71cd25b771c1ec59afed82e50795ff4a/1040g2sg31evj3em1modg5p6kuq3gi5flb17riv0!nc_n_webp_mw_1"
67866b5b000000000900f10b,note,不知道丶,01-14,39,6,13,,世态炎凉，母亲癌症晚期，请假陪护被迫离职,https://www.xiaohongshu.com/explore/67866b5b000000000900f10b?xsec_token=ABUnx6zvWGt3YDTIcjUEonSPbnvbROXRP_NVxyfk6kxUw=&xsec_source=pc_search&source=unknown,IP属地：安徽,"http://sns-webpic-qc.xhscdn.com/202508111406/549c5c98052b7f5e0e22aa57ed143b33/1040g2sg31ckur4ng10dg4a75nj7ogk6ultrsa6o!nc_n_webp_mw_1,http://sns-webpic-qc.xhscdn.com/202508111406/bfaf4d021585fefeff084b71f1410778/1040g00831ckur4o50s6g4a75nj7ogk6ubptl72o!nc_n_webp_mw_1,http://sns-webpic-qc.xhscdn.com/202508111406/6d50c9c534f24f5508435125cfc241f8/1040g2sg31ckur4nk10dg4a75nj7ogk6uhbqm1e8!nc_n_webp_mw_1,http://sns-webpic-qc.xhscdn.com/202508111406/738afb05d2917b5eb60de5765aa68260/1040g00831ckur4o50u6g4a75nj7ogk6un0sso2g!nc_n_webp_mw_1,http://sns-webpic-qc.xhscdn.com/202508111406/df4181f982f6ceea601b8c4f14e69952/1040g00831ckur4njgk6g4a75nj7ogk6uc9g4b4o!nc_n_webp_mw_1,http://sns-webpic-qc.xhscdn.com/202508111406/3f47e7cfa2f8b9021b032f5a7419001f/1040g00831ckur4o50m6g4a75nj7ogk6u1psloi0!nc_n_webp_mw_1,http://sns-webpic-qc.xhscdn.com/202508111406/492d535edcf13fd640a4806b33915ab0/1040g2sg31ckur4nk0scg4a75nj7ogk6uot27a7g!nc_n_webp_mw_1,http://sns-webpic-qc.xhscdn.com/202508111406/20886b59b6068c198ec25b9f3fdd5bf2/1040g00831ckur4ng10k04a75nj7ogk6upu2mq50!nc_n_webp_mw_1"
6824efa00000000021008ec7,note,小小怪,05-15,38,20,105,,,https://www.xiaohongshu.com/explore/6824efa00000000021008ec7?xsec_token=ABleoOXHuCbmKd39qVLLLa3IpBp9Mj2WVuX-1AW_i661s=&xsec_source=pc_search&source=unknown,IP属地：广东,http://sns-webpic-qc.xhscdn.com/202508111406/01b7e02b7f4a4b594541fbb6d32cfa08/1040g2sg31hfodst33ie05n32k3n4aa3kbn02rb8!nc_n_webp_mw_1
687c76350000000017032252,note,妤宝暴富,07-20,37,24,293,,要是有家人癌症你们咋应对，十万火急,https://www.xiaohongshu.com/explore/687c76350000000017032252?xsec_token=AB7F0Kh13js6k0lvCjhC_AXP6zh_Jz4GtSxLK-at6Yt70=&xsec_source=pc_search&source=unknown,IP属地：广东,http://sns-webpic-qc.xhscdn.com/202508111406/e411ed3b0b07a346a8be2498d5682d90/1040g00831k57j5nuj42g5q34aclnimplnu61fa0!nc_n_webp_mw_1
68948e34000000002302f558,note,母爱停留在2025的夏天,3天前,38,17,142,,,https://www.xiaohongshu.com/explore/68948e34000000002302f558?xsec_token=AB_epMtJI-QdZXuKjqMutPiuBRRGn3OG4HeHs9nJktv4M=&xsec_source=pc_search&source=unknown,IP属地：河南,http://sns-webpic-qc.xhscdn.com/202508111406/00063862d675dabf517be89a7017ab59/notes_pre_post/1040g3k831ksojaeqj4705ni62khg85ia6t76ke0!nc_n_webp_mw_1
687f48040000000023004f5f,note,布拿拿,3天前,35,8,6,,老公胃癌晚期，陪老公到现在六年了，很庆幸,https://www.xiaohongshu.com/explore/687f48040000000023004f5f?xsec_token=AB7_8AsXX96ocWPxlbUasyZEqUezsw9IQv-HRYcHgZSkY=&xsec_source=pc_search&source=unknown,IP属地：山西,http://sns-webpic-qc.xhscdn.com/202508111406/af2847abf4b1f21c50e74b83356de003/1040g2sg31kaidp9g2os05q376m1nah2ouhgdb20!nc_n_webp_mw_1
688dd354000000000303165b,note,珍惜当下,1天前,36,14,54,,爸爸肺鳞癌中晚期4年了，把经历说给你听,https://www.xiaohongshu.com/explore/688dd354000000000303165b?xsec_token=ABsrLbO322utmJTlXLUzVQrss9XbJYPtvgG2jpHydvIrs=&xsec_source=pc_search&source=unknown,IP属地：河北,http://sns-webpic-qc.xhscdn.com/202508111406/cb8c9a35d38a9cdc712755d4d86c0652/1040g00831km1dci9j4dg5q49epuq4ipl2b6anho!nc_n_webp_mw_1
67a786c3000000002a00f792,note,秋天,06-18,34,34,13,,求问，家人确诊癌症了，要告诉他还是瞒着他,https://www.xiaohongshu.com/explore/67a786c3000000002a00f792?xsec_token=ABz6Lp-60uh2WTjpqQBGt2NZfdCwcTAGj9v4hQv6rV5KA=&xsec_source=pc_search&source=unknown,IP属地：江苏,"http://sns-webpic-qc.xhscdn.com/202508111406/09b07df57e2875a40b837c85ef0a8b28/1040g00831dl9e7mah260400qsknha0hgcr5n2no!nc_n_webp_mw_1,http://sns-webpic-qc.xhscdn.com/202508111406/7482c5bd1307a725a225d79abce7f19a/1040g2sg31dl9e7le08dg400qsknha0hgnca32po!nc_n_webp_mw_1,http://sns-webpic-qc.xhscdn.com/202508111406/aca4a95ffee2fc547880e27fad333f0b/1040g2sg31dl9e7lv08dg400qsknha0hgn496vcg!nc_n_webp_mw_1,http://sns-webpic-qc.xhscdn.com/202508111406/b31576a6820ade5be382c562e00e865a/1040g2sg31dl9e7lqgedg400qsknha0hgbejud68!nc_n_webp_mw_1,http://sns-webpic-qc.xhscdn.com/202508111406/f6606d77f0ab0edcf7de0e459b475b35/1040g00831dl9e7mah26g400qsknha0hg84sjd30!nc_n_webp_mw_1,http://sns-webpic-qc.xhscdn.com/202508111406/4fa20b3d1a3086a41af129506781419e/1040g2sg31dl9e7lp0cdg400qsknha0hg4c8a3d8!nc_n_webp_mw_1,http://sns-webpic-qc.xhscdn.com/202508111406/a89a29c6b42d906368971993a213c9c7/1040g2sg31dl9e7lbgccg400qsknha0hgdl23858!nc_n_webp_mw_1"
6891ece100000000020035fc,note,目前,5天前,33,10,135,,,https://www.xiaohongshu.com/explore/6891ece100000000020035fc?xsec_token=ABwJ3aVA24PgeOEbBW2z3MtM7IbWNZ_wzLnU4PRXuAYL8=&xsec_source=pc_search&source=unknown,IP属地：湖南,http://sns-webpic-qc.xhscdn.com/202508111406/7fbc09dc65b0e93e07426a9a4be4d65a/1040g00831kq6bgfe306g4bkvtmkioisblhoicno!nc_n_webp_mw_1
68765bed0000000017033c31,note,周～,07-15,34,14,217,,,https://www.xiaohongshu.com/explore/68765bed0000000017033c31?xsec_token=ABFvuj4JhgNVCAxRwvKnKzCaLuX5UucZDbcrj9nQ7K3RQ=&xsec_source=pc_search&source=unknown,IP属地：海南,http://sns-webpic-qc.xhscdn.com/202508111406/a17d538f2df3f23d51bfd3aff5bc723e/1040g2sg31jv8tpfej0rg5ohp9tak1jl9o7nqt0g!nc_n_webp_mw_1
6892ca5900000000040040d1,note,大可不必,1天前,33,21,87,,千万别放弃，爸爸肝癌晚期8年经验分享,https://www.xiaohongshu.com/explore/6892ca5900000000040040d1?xsec_token=ABwpdnTd_9FfErG6JfVJ846wJQniUPTCjVUVtb0Zwv7VE=&xsec_source=pc_search&source=unknown,IP属地：江苏,http://sns-webpic-qc.xhscdn.com/202508111406/6635a2a71aaa5d405e253f4ffe920687/1040g00831kr1cajt32605q0s0ojinmo9khrq8h0!nc_n_webp_mw_1
68138fb60000000023014961,note,妈妈加油💪,05-01,32,17,92,,,https://www.xiaohongshu.com/explore/68138fb60000000023014961?xsec_token=ABpN8FOrRDhZoRyS_-EbQFNV9cpYxtB0yMcVSnISC-4aM=&xsec_source=pc_search&source=unknown,IP属地：重庆,http://sns-webpic-qc.xhscdn.com/202508111406/3cbbd108b3354d68d5626b5b94a60cba/1040g2sg31guph63ojce041ff9tsh9fb1cqj38vo!nc_n_webp_mw_1
68038ee0000000001c0312c5,note,小可爱,04-19,31,12,82,,,https://www.xiaohongshu.com/explore/68038ee0000000001c0312c5?xsec_token=ABuSgYFbjvNzFx4FvK3yDHFFYJ1WqOU8BFXuUMmNIrUf0=&xsec_source=pc_search&source=unknown,IP属地：河南,http://sns-webpic-qc.xhscdn.com/202508111406/d38357f3901b8fb5aa6ad99904f1154c/1040g00831gf5dtg63c005n22sv21l9qscic1l0o!nc_n_webp_mw_1
688203770000000022033d7c,note,咕噜咕噜宝,07-24,31,26,36,,,https://www.xiaohongshu.com/explore/688203770000000022033d7c?xsec_token=AB0If3m-eqOqkN7LJs_DguRnFb3SxQf0n4-nfDvvzLzxg=&xsec_source=pc_search&source=unknown,IP属地：广东,http://sns-webpic-qc.xhscdn.com/202508111407/f0878f27afcf77abfe75cab86b0de5d7/1040g2sg31kal5au6j0005n58d74k81tnmtj2at0!nc_n_webp_mw_1
67f1e6d5000000001d0186e6,note,小红薯67F23F83,04-06,29,9,122,,,https://www.xiaohongshu.com/explore/67f1e6d5000000001d0186e6?xsec_token=ABNBGT6_OO3m81ruMUq-0EvGTmXTa5IKYq0yrZOdTiaqE=&xsec_source=pc_search&source=unknown,IP属地：广东,http://sns-webpic-qc.xhscdn.com/202508111407/3a540e630d44c2f6e6eb7bdade8b37a3/1040g2sg31fttjd1lggdg5pvhsnb2ni2u5486et0!nc_n_webp_mw_1
68288bf50000000023010e72,note,🐯不在家，🐒称霸王,05-17,29,9,113,,晚期,https://www.xiaohongshu.com/explore/68288bf50000000023010e72?xsec_token=ABGirXGjELP9MZwG95uVhLpjsKAPSYn8Ph0b65_2x9eG8=&xsec_source=pc_search&source=unknown,IP属地：山东,http://sns-webpic-qc.xhscdn.com/202508111407/5541e4c4bec301ea37ab86cb1340914e/notes_pre_post/1040g3k031hj999a0345g5pih723hoq66uqrecco!nc_n_webp_mw_1
6879ef650000000012016205,note,周杰伦小迷妹,07-18,28,30,58,,,https://www.xiaohongshu.com/explore/6879ef650000000012016205?xsec_token=ABfVsmxy_TfFjycZAmx9s0tYDRGC5Nll2PoWWyVycrNZs=&xsec_source=pc_search&source=unknown,IP属地：广东,http://sns-webpic-qc.xhscdn.com/202508111407/00459d999a399089218957e0f71500a2/1040g2sg31k2omtfgjq705pqp9p67dr5bd6gnld8!nc_n_webp_mw_1
6797f2cc0000000018011bf4,note,江寒陌陌陌陌陌陌陌陌陌陌,01-28,26,3,39,,怀疑妈妈得了卵巢癌 好害怕 睡不着只能哭,https://www.xiaohongshu.com/explore/6797f2cc0000000018011bf4?xsec_token=ABleV2jHg395L1CM1Fm9XtOewSnoAHP2Y4MzhJUxLQO0A=&xsec_source=pc_search&source=unknown,无,http://sns-webpic-qc.xhscdn.com/202508111407/515d70b42a81c77e268804b274248341/1040g00831d5v3ia1h0505nsagtfg935rk0joheg!nc_n_webp_mw_1
688a1f320000000025012915,note,接好运,07-30,26,9,115,,,https://www.xiaohongshu.com/explore/688a1f320000000025012915?xsec_token=ABF5YReV7cdzurgQl66D5_Gy24osGpRdD6uo-OKAjhF40=&xsec_source=pc_search&source=unknown,IP属地：重庆,http://sns-webpic-qc.xhscdn.com/202508111407/29fe0720c842bd64f459b33c81a7a4dc/1040g2sg31kiig46r3q004a1589dpvi24q7joik0!nc_n_webp_mw_1
687533e800000000100262bc,note,001,07-15,25,12,68,,,https://www.xiaohongshu.com/explore/687533e800000000100262bc?xsec_token=ABWbHVRh9o4rut3hAP2n928VJTkj5Nu-WuV2DkeQU3VB0=&xsec_source=pc_search&source=unknown,IP属地：广东,http://sns-webpic-qc.xhscdn.com/202508111407/d50c5359c0116b9b87bf65e26b833c24/1040g00831ju4q0j7484g5o64lagg8paoe34ka40!nc_n_webp_mw_1
6834205100000000220273cb,note,笑容甜甜的姑娘,05-26,25,11,46,,,https://www.xiaohongshu.com/explore/6834205100000000220273cb?xsec_token=ABCWJ2NWpoR0kxiPZdnsdbOPiVkKnKrE8ODCsv3c7NxhY=&xsec_source=pc_search&source=unknown,IP属地：江西,"http://sns-webpic-qc.xhscdn.com/202508111407/679675f621232abc6ceec1c00469b6f4/notes_pre_post/1040g3k831huj4vjo3qdg5nqkdi008egmdgunk68!nc_n_webp_mw_1,http://sns-webpic-qc.xhscdn.com/202508111407/788bcd4fbc554548b4e6f0cf98d4c907/notes_pre_post/1040g3k831huj4vkb3i505nqkdi008egmgn0daqg!nc_n_webp_mw_1,http://sns-webpic-qc.xhscdn.com/202508111407/a51b470d869c68534de109d73ef46fe0/notes_pre_post/1040g3k831huj4vkb3i5g5nqkdi008egmtvsmrd8!nc_n_webp_mw_1,http://sns-webpic-qc.xhscdn.com/202508111407/38f8c9faaada995c7bf73c9a94e2323d/notes_pre_post/1040g3k831huj4vjsjo5g5nqkdi008egmjogl2eo!nc_n_webp_mw_1,http://sns-webpic-qc.xhscdn.com/202508111407/be166b6c45b261e07a2fd8f1ace7b64c/notes_pre_post/1040g3k831huj4vkb3i605nqkdi008egmg9kpi88!nc_n_webp_mw_1,http://sns-webpic-qc.xhscdn.com/202508111407/27081e3cb8d533d0a7b36c64286797f6/notes_pre_post/1040g3k031huj4vk3js6g5nqkdi008egmtgv3vig!nc_n_webp_mw_1,http://sns-webpic-qc.xhscdn.com/202508111407/00f7bca512d2926a728cc5c504ede934/notes_pre_post/1040g3k831huj4vjsjo6g5nqkdi008egmfe7q5ho!nc_n_webp_mw_1"
67f3935a000000001e001964,note,Lsland🌊,04-07,24,8,4,,死亡从来不是终点，遗忘才是~,https://www.xiaohongshu.com/explore/67f3935a000000001e001964?xsec_token=ABWBViyVmx6hz2_R5bVTiS5YdoVUwYSFT05oYvF3SXVz8=&xsec_source=pc_search&source=unknown,IP属地：江苏,"http://sns-webpic-qc.xhscdn.com/202508111407/fe676c669a162f0fa05dc3b419d4d568/1040g2sg31fvhvduq06d04a2rtranhipubisphr0!nc_n_webp_mw_1,http://sns-webpic-qc.xhscdn.com/202508111407/329f50afa34e3c17ce32f169b9d5805a/1040g2sg31fvhvdur06jg4a2rtranhipu8fd6g20!nc_n_webp_mw_1"
686ce880000000002400e37e,note,宝儿💗,07-08,23,4,30,,爸爸被诊断出患有晚期癌症……,https://www.xiaohongshu.com/explore/686ce880000000002400e37e?xsec_token=ABJGN63b9NHAOxI05HpLmmFyAXW_EECJ-1xvtEagFskaA=&xsec_source=pc_search&source=unknown,IP属地：广西,http://sns-webpic-qc.xhscdn.com/202508111407/0468300006aa56418c19534a39bb9aa6/spectrum/1040g0k031jm1jjpl3q005okoinsmt7s3oa5lm9o!nc_n_webp_mw_1
684939f700000000210061b3,note,昕茉,06-11,23,7,74,,,https://www.xiaohongshu.com/explore/684939f700000000210061b3?xsec_token=ABp58ftLBhfyi6xx9IUokTV-eC36TtnAv9seKPXZdX9EU=&xsec_source=pc_search&source=unknown,无,http://sns-webpic-qc.xhscdn.com/202508111407/0ef5ddce70c4cc979279c53875884910/notes_pre_post/1040g3k831ij6drh30ae05n7u9f3lqme998ghh4o!nc_n_webp_mw_1
68661a5d000000002400fba9,note,好怪嘛~,07-03,23,6,123,,肺癌晚期，还有救嘛？,https://www.xiaohongshu.com/explore/68661a5d000000002400fba9?xsec_token=ABv045S9dzU32OBgKy0WHhD3fHydCyaiNJAsyPumZO7cg=&xsec_source=pc_search&source=unknown,IP属地：广东,http://sns-webpic-qc.xhscdn.com/202508111407/6810d82c7711ce4915af4662705109b5/1040g2sg31jfcuq2e306g5q2sv01798pp0l9vjrg!nc_n_webp_mw_1
67c05ec1000000000e004b48,note,给我来十个菠萝油谢谢,02-27,23,2,25,,早上得知家中比较亲近的亲戚得了胰腺癌,https://www.xiaohongshu.com/explore/67c05ec1000000000e004b48?xsec_token=ABhJpeuBDk7fBU1C-38ytC1Jh6RzfoomZ8mBFRWU_spVY=&xsec_source=pc_search&source=unknown,IP属地：四川,http://sns-webpic-qc.xhscdn.com/202508111407/c1500ce255e99aa75fff594e8d377151/notes_pre_post/1040g3k031edh4hcoh00048i6c0g622pdp2fivdg!nc_n_webp_mw_1
684d39aa000000002300e8bf,note,李轻舟,06-14,22,2,51,,不去想以后可能更糟糕的情况，只为今天庆祝,https://www.xiaohongshu.com/explore/684d39aa000000002300e8bf?xsec_token=ABknZmG0FEnYBJLHUDOwXvAIUrkxZUWmTzrh4Yhw2s4S0=&xsec_source=pc_search&source=unknown,IP属地：上海,http://sns-webpic-qc.xhscdn.com/202508111407/8d5efd771fb0b478e6128aaa978d8ff5/1040g2sg31in3h2gs1ie05p34rfek5dmd8hvkkl8!nc_n_webp_mw_1
6894c8180000000004002354,note,俏尼㕰,3天前,21,3,59,,,https://www.xiaohongshu.com/explore/6894c8180000000004002354?xsec_token=AB_epMtJI-QdZXuKjqMutPihfFTyheFkrFP0af32ABrnA=&xsec_source=pc_search&source=unknown,IP属地：浙江,http://sns-webpic-qc.xhscdn.com/202508111407/3723ad48f9df1f288ea6a4ff2fdbb945/1040g2sg31ksv58e02o005o2a35ag8t9v4g2850g!nc_n_webp_mw_1
68906b6c000000002502722e,note,🐙抗癌版,6天前,21,5,39,,,https://www.xiaohongshu.com/explore/68906b6c000000002502722e?xsec_token=ABdB0PcxZ05kS068sNqgOvtow3ltScZr_GGoWgw5K1Pag=&xsec_source=pc_search&source=unknown,IP属地：陕西,http://sns-webpic-qc.xhscdn.com/202508111407/0794173330ac9254b3085c4628730d67/1040g00831konb1rqia6g5nntlf0088jju5u2640!nc_n_webp_mw_1
688b37240000000003027519,note,茉莉,07-31,21,4,23,,爸爸肺癌晚期，成功跨过五年大关,https://www.xiaohongshu.com/explore/688b37240000000003027519?xsec_token=ABG9byDHIoDNWylL8wZpvZWrL_LurLqkLk0-wYj5zfCb8=&xsec_source=pc_search&source=unknown,IP属地：广东,http://sns-webpic-qc.xhscdn.com/202508111407/26a50ce2e080deb797241122fc98d5a4/1040g00831kjkn7692u005q3pou4jfpj0earfqd8!nc_n_webp_mw_1
689553c6000000002303bae4,note,panda liu,3天前,20,14,50,,家里三位患食道癌的亲属四年内相继去世,https://www.xiaohongshu.com/explore/689553c6000000002303bae4?xsec_token=ABt_dS4m3AeRs-yEDRLy7lKS8QXbWQwjdHrdYnnNQd3jI=&xsec_source=pc_search&source=unknown,IP属地：黑龙江,"http://sns-webpic-qc.xhscdn.com/202508111407/76abcb67a9a54e53684c7b43311295d9/notes_pre_post/1040g3k831ktgmpag32004bsmpfopd2kveg9n470!nc_n_webp_mw_1,http://sns-webpic-qc.xhscdn.com/202508111407/15aa9f928b2b5d5b253103d0c043019b/notes_pre_post/1040g3k031ktgmpd130e04bsmpfopd2kv08jt2go!nc_n_webp_mw_1"
6881b3ce0000000012032753,note,小红薯810D9A40,07-24,19,6,112,,肝癌只能熬着了吗,https://www.xiaohongshu.com/explore/6881b3ce0000000012032753?xsec_token=ABew9-lYOraT_8-hxe7FLIKlq5ncx8-HwkCPmyS0M0e6s=&xsec_source=pc_search&source=unknown,IP属地：广东,http://sns-webpic-qc.xhscdn.com/202508111407/9ffc25e3579cfecb8b700d4356a8cf08/1040g2sg31kab8uamiof04bp810rhb0n0rhls8bg!nc_n_webp_mw_1
6821b7d00000000023017766,note,积积呀～,05-12,19,9,147,,,https://www.xiaohongshu.com/explore/6821b7d00000000023017766?xsec_token=ABsysCvABydJ25eqvUtgGSpZDrcTSlwDFzYwKPsh4SSRQ=&xsec_source=pc_search&source=unknown,IP属地：广东,http://sns-webpic-qc.xhscdn.com/202508111407/3dad8cb6935932495ff29d05497fd439/1040g2sg31hcjtqusj4e05q01s5l3icu2ub5ugfo!nc_n_webp_mw_1
686b6f760000000010025d75,note,积积呀～,07-07,19,16,120,,,https://www.xiaohongshu.com/explore/686b6f760000000010025d75?xsec_token=ABxgzezgsFbFtrBRMwm9F2jVB8gXLrMJEf5x30dtpeYH8=&xsec_source=pc_search&source=unknown,IP属地：广东,http://sns-webpic-qc.xhscdn.com/202508111408/983539b2b540e56d1f5bc5aa7635fd62/1040g2sg31jkjj5j13qe05q01s5l3icu27ht4i3o!nc_n_webp_mw_1
66f8e364000000002a0333c2,note,知安沾喜气,2024-09-29,19,2,12,,妈妈确诊之后,https://www.xiaohongshu.com/explore/66f8e364000000002a0333c2?xsec_token=ABB4qYPt2V1AdnfEntr_Er9adAY-lh9Z-wVCdDM5LRmyU=&xsec_source=pc_search&source=unknown,IP属地：韩国,http://sns-webpic-qc.xhscdn.com/202508111408/6df2d899340d4d44512a0e882b7e0e18/1040g008318ao02qsjq5g5n7ndmelnsjutcp1p28!nc_n_webp_mw_1
67c2ab18000000002901e7c4,note,tuttifruttiii,03-01,20,9,36,,爸爸抢救了两天，公司让我回去上班一段时间,https://www.xiaohongshu.com/explore/67c2ab18000000002901e7c4?xsec_token=ABcNx5fZUAs7Jpeh5LLFFYDwpyH2u0TGJAp1QdluaShXE=&xsec_source=pc_search&source=unknown,无,http://sns-webpic-qc.xhscdn.com/202508111408/d6060269fcc95937d03dffd066d0bffe/1040g2sg31efpk4h70k705pj34lk0u118uv9k5rg!nc_n_webp_mw_1
687c1278000000000b02ff10,note,好运加持,07-20,18,18,174,,拜托了🙏🏻,https://www.xiaohongshu.com/explore/687c1278000000000b02ff10?xsec_token=AB7F0Kh13js6k0lvCjhC_AXIaTRkfO7ojznCBm9xgdlb8=&xsec_source=pc_search&source=unknown,IP属地：山西,http://sns-webpic-qc.xhscdn.com/202508111408/c1282ee4a29af9383bd0f6788c2be87c/1040g00831k4rctle484049p6j79ue6c2ij1v39g!nc_n_webp_mw_1
68885111000000002502453a,note,lucky,6天前,21,12,42,,胰腺癌晚期三年一直很稳定，我们做到了这些,https://www.xiaohongshu.com/explore/68885111000000002502453a?xsec_token=ABRGFvNh5Jah2hXBZP_Pljc5Gts_xcRXxkI1AeCE9DewI=&xsec_source=pc_search&source=unknown,IP属地：江苏,http://sns-webpic-qc.xhscdn.com/202508111408/b904ac0704a950454f9ee334af3ea287/1040g00831kgnb80s48605q3ol636s1qt63i4fo0!nc_n_webp_mw_1
684bebbc00000000220280fc,note,小红薯68484C7E,06-13,16,12,0,,父亲和姐姐都确诊肝癌...我该怎么办？,https://www.xiaohongshu.com/explore/684bebbc00000000220280fc?xsec_token=ABNJItTZnhx9GpixLmqsCCYh5ZtO4KYLICCedmf675EBs=&xsec_source=pc_search&source=unknown,无,http://sns-webpic-qc.xhscdn.com/202508111408/a84ddfde35132e7a1b58872eb3bd017b/1040g00831ilqojl90u005q23tfcmrcv2ne7tg90!nc_n_webp_mw_1
687cb7cd00000000220301d3,note,mmm,07-20,16,6,90,,,https://www.xiaohongshu.com/explore/687cb7cd00000000220301d3?xsec_token=AB7F0Kh13js6k0lvCjhC_AXG_6lKTLUT7ehnZeJvbv1iQ=&xsec_source=pc_search&source=unknown,IP属地：北京,http://sns-webpic-qc.xhscdn.com/202508111408/a0f91a1f801f391d3191a72cd3be9847/1040g00831k5fff902u2g5oukmka9i7bjrc53fdg!nc_n_webp_mw_1
6823f0d3000000002300035d,note,小羊妈妈,05-14,16,10,21,,全家倾家荡产去治一个癌症患者值得吗？,https://www.xiaohongshu.com/explore/6823f0d3000000002300035d?xsec_token=AB87imB0fGmNmb7qlOdcZ_hWBFWUicfKPVqdveMmonuXE=&xsec_source=pc_search&source=unknown,无,http://sns-webpic-qc.xhscdn.com/202508111408/7d112c3033c7c04a4c04304156e11765/notes_pre_post/1040g3k831hepc8bij4005p1jh963b0og379k6v0!nc_n_webp_mw_1
68959e13000000000403ef11,note,木子,2天前,16,6,30,,给肺癌家属的一些忠告,https://www.xiaohongshu.com/explore/68959e13000000000403ef11?xsec_token=ABt_dS4m3AeRs-yEDRLy7lKQC1yRAQ1JED2aufxGalxrQ=&xsec_source=pc_search&source=unknown,IP属地：湖北,http://sns-webpic-qc.xhscdn.com/202508111408/bd11d82e8c2871ebe05677f32ca11eb6/1040g2sg31ktnpgju2u005q434r5n91e53pnros0!nc_n_webp_mw_1
688714fe0000000010012728,note,半岛奶茶,07-28,14,4,12,,,https://www.xiaohongshu.com/explore/688714fe0000000010012728?xsec_token=ABTpxtng31sYHmAUKmF9oDUKj3IK2xxlWqxZRT-_2RWbw=&xsec_source=pc_search&source=unknown,IP属地：江苏,http://sns-webpic-qc.xhscdn.com/202508111408/15f29168afcc41eece0e28881f31fb64/notes_pre_post/1040g3k831kfjhqrp3q005ojojlcock77eaqgcgg!nc_n_webp_mw_1
679f6940000000002901b9fa,note,饭团.煖煖姐妹｜善终陪伴,02-02,14,4,6,,爸爸癌晚期，我怎么告知他病情，减少他恐惧,https://www.xiaohongshu.com/explore/679f6940000000002901b9fa?xsec_token=ABTGj5BxVAy8TtJ2zokAbKq2V3wMDCggCimqz2LCElC8w=&xsec_source=pc_search&source=unknown,IP属地：上海,http://sns-webpic-qc.xhscdn.com/202508111408/5b3f982e3a301d2b991af77ca1197e31/1040g00831ddbqv1l12005pqhk0tndueca85obqg!nc_n_webp_mw_1
6894abea000000002301bd75,note,肥肥,3天前,13,2,35,,,https://www.xiaohongshu.com/explore/6894abea000000002301bd75?xsec_token=AB_epMtJI-QdZXuKjqMutPip6noRQqBvPW8rXTzBw64h0=&xsec_source=pc_search&source=unknown,IP属地：四川,http://sns-webpic-qc.xhscdn.com/202508111408/b3da44368d2fde656828d0af7ae92ab6/1040g00831kss1h9332005omk4apgg211mq3lbf8!nc_n_webp_mw_1
6819ced9000000000303f23a,note,愿安,05-06,14,11,63,,,https://www.xiaohongshu.com/explore/6819ced9000000000303f23a?xsec_token=AB5MYVj69FEu7g8EsNIoqKfir7543Wg7KgsaXAGXh_dl4=&xsec_source=pc_search&source=unknown,IP属地：广东,http://sns-webpic-qc.xhscdn.com/202508111408/88b87fd13833c67f35a85f57a8bee6a5/1040g00831h4snq2e3i005por2dvne41g55pmb28!nc_n_webp_mw_1
680f531b000000002300e558,note,肿瘤医生王本念,04-28,13,6,0,,抗癌每月5000压垮一家！普通家庭的血与泪,https://www.xiaohongshu.com/explore/680f531b000000002300e558?xsec_token=AB1O8DnqreA_FB54mvny0Ni2cxRfyesWBaJd9jeRtQbwE=&xsec_source=pc_search&source=unknown,IP属地：湖南,http://sns-webpic-qc.xhscdn.com/202508111408/e0a2551bfde44cf524c3c1a405bd4ee4/spectrum/1040g0k031gql4eelju005p9crd6alb64b7mqivo!nc_n_webp_mw_1
6887087000000000110008fe,note,一碗麻薯拌汤圆,07-29,12,0,10,,为什么世界上要有癌症。,https://www.xiaohongshu.com/explore/6887087000000000110008fe?xsec_token=ABTpxtng31sYHmAUKmF9oDUHfPtn2Vs_YglUpHH8Jat8o=&xsec_source=pc_search&source=unknown,IP属地：湖北,http://sns-webpic-qc.xhscdn.com/202508111408/a29998abfec098c5bb6bd0a25285e339/notes_pre_post/1040g3k031kfi0pf1486g5pjct561os1qhsd868g!nc_n_webp_mw_1
688c4eef000000002302a81f,note,momo,3天前,12,1,25,,大家都是怎么确诊肠癌的,https://www.xiaohongshu.com/explore/688c4eef000000002302a81f?xsec_token=ABr8-nabItGnI_ye4JhswqH1OUNbZNG9Q0yUE1MEL6M-c=&xsec_source=pc_search&source=unknown,IP属地：湖北,http://sns-webpic-qc.xhscdn.com/202508111408/e59a228f13f7f0b0c7cc2abbce909be3/1040g2sg31kkhu1nl2oe05q1armkinjfells50og!nc_n_webp_mw_1
68985a4d000000000403f5e0,note,TErry,昨天 16:37,13,10,110,,食管癌中晚期,https://www.xiaohongshu.com/explore/68985a4d000000000403f5e0?xsec_token=ABZVFH-g5vopu6bXHd9vD8_LzLB4EAFXUnAYlzw37_Up8=&xsec_source=pc_search&source=unknown,IP属地：江苏,http://sns-webpic-qc.xhscdn.com/202508111408/497dad5274ea27dfe13bfa093f78652f/notes_pre_post/1040g3k031l0ehn4k2u0040p2sdh2faa8kjt3skg!nc_n_webp_mw_1
67c98bc80000000007035120,note,j'ayREW,03-06,12,5,80,,,https://www.xiaohongshu.com/explore/67c98bc80000000007035120?xsec_token=ABEmfsVBZG14bdrR0_L7rASwTcH5ij-kZGCrvDrr4pRqA=&xsec_source=pc_search&source=unknown,IP属地：四川,http://sns-webpic-qc.xhscdn.com/202508111408/fbee91c77a0025338f1b032d7416f0bc/1040g2sg31emghri35k705o0o0m4gbl3flotqb88!nc_n_webp_mw_1
6760f2950000000013018bba,note,wm,2024-12-17,11,2,9,,,https://www.xiaohongshu.com/explore/6760f2950000000013018bba?xsec_token=ABbrMYPQKL5QJ2CSPCpkmWUCdjAKgiqAosA4hGPl-V6Bg=&xsec_source=pc_search&source=unknown,IP属地：广东,"http://sns-webpic-qc.xhscdn.com/202508111408/24691c3a7e8735f6dcad5fff2d19b2ab/1040g00831bgbrd1hge6g4a7jiuoksh54dl4j19g!nc_n_webp_mw_1,http://sns-webpic-qc.xhscdn.com/202508111408/ee6817805af4c25f317e740bf1a76363/1040g00831bgbrd1hge604a7jiuoksh54uf2d6hg!nc_n_webp_mw_1"
687dc95f000000000d02625a,note,小红薯60AB90BA,07-21,11,0,53,,姐妹们，家人突然确诊癌症你们咋应对,https://www.xiaohongshu.com/explore/687dc95f000000000d02625a?xsec_token=AB8o6hhRUwyaVbRNLrKJEZxiiiKmxiLSqEOGM6aGMPGpE=&xsec_source=pc_search&source=unknown,IP属地：浙江,http://sns-webpic-qc.xhscdn.com/202508111408/9bc94a64627fe7ec2bf597a76774cb31/1040g00831k6h2494366g5o5a3e3g98i5999ecl0!nc_n_webp_mw_1
687f3ef7000000001202df56,note,123,07-22,5,4,118,,,https://www.xiaohongshu.com/explore/687f3ef7000000001202df56?xsec_token=AB7_8AsXX96ocWPxlbUasyZCBbW2i4eRZqhgbQmE0kFrk=&xsec_source=pc_search&source=unknown,IP属地：甘肃,http://sns-webpic-qc.xhscdn.com/202508111409/f5eb03a0582b3074f0e550eb62ca2cbd/notes_pre_post/1040g3k831k7ulp5qiu5g49s366eab3sea42kdn0!nc_n_webp_mw_1
685e4c0800000000240094de,note,小p小p,06-27,5,0,10,,肠癌家人的自述,https://www.xiaohongshu.com/explore/685e4c0800000000240094de?xsec_token=ABpnu-BIBzv5Zh7Z4xbVWdxAlOhxwTYNqWPC4Nf-bENQk=&xsec_source=pc_search&source=unknown,IP属地：湖北,http://sns-webpic-qc.xhscdn.com/202508111409/c8aed1b977e30bcc84bd8bceeba7d04d/1040g00831j7odm4i34005q1ardbjjt7qjptrseo!nc_n_webp_mw_1
689025a60000000002001d12,note,小红薯68886C6E,08-04,5,4,8,,,https://www.xiaohongshu.com/explore/689025a60000000002001d12?xsec_token=ABdB0PcxZ05kS068sNqgOvtrmWhLspcr9QUUQw-XV65Us=&xsec_source=pc_search&source=unknown,IP属地：湖北,http://sns-webpic-qc.xhscdn.com/202508111409/292f8dab9171752545244691f8f37e52/1040g2sg31kob37u4j2rg5q48585jdi7s9alm858!nc_n_webp_mw_1
6858244f0000000013012a61,note,momo,06-22,5,1,6,,,https://www.xiaohongshu.com/explore/6858244f0000000013012a61?xsec_token=ABECkD-NYuFd-LzKbTAgxInx-sE7RA4WXwwxz8lzlLSSY=&xsec_source=pc_search&source=unknown,IP属地：江苏,http://sns-webpic-qc.xhscdn.com/202508111409/e389d46e98835a934365f72239650308/1040g2sg31j1ollbfhce05pjon6ohohdnvb2urr0!nc_n_webp_mw_1
688102a0000000000b02c72a,note,也许是也许,07-23,5,0,27,,,https://www.xiaohongshu.com/explore/688102a0000000000b02c72a?xsec_token=ABew9-lYOraT_8-hxe7FLIKoR6ghI8Iwy_0bUatyIXBQk=&xsec_source=pc_search&source=unknown,IP属地：广东,http://sns-webpic-qc.xhscdn.com/202508111409/3f219dc512b2d2644b892d7909758b37/1040g2sg31k9lm063ighg4aa60c6pra2594gdsqg!nc_n_webp_mw_1
6888e64e0000000002003975,note,王同学,07-29,5,1,7,,,https://www.xiaohongshu.com/explore/6888e64e0000000002003975?xsec_token=ABRGFvNh5Jah2hXBZP_Pljc_UcfWNwJ51uzoemfZBX1II=&xsec_source=pc_search&source=unknown,IP属地：重庆,http://sns-webpic-qc.xhscdn.com/202508111409/353a1cf78b0795534acfe473c187ff39/1040g2sg31khc8o4cioe04a74ghr5f126v73khuo!nc_n_webp_mw_1
64b93dff000000000800fbdc,note,每日一句正能量,2023-07-20,6,0,0,,父亲患病后，我变了,https://www.xiaohongshu.com/explore/64b93dff000000000800fbdc?xsec_token=ABZ4Bbf2NpD1ASfEVGpmOwo-YgQa6Ect7yETZImS6j098=&xsec_source=pc_search&source=unknown,无,http://sns-webpic-qc.xhscdn.com/202508111409/df200a27b662d6cde2f3d65f5d6f5d91/1000g0082r2c7siok60605p4dmgtk3s62v1ergu8!nc_n_webp_mw_1
6887968d0000000025012aac,note,Liiyyt,07-28,4,2,2,,,https://www.xiaohongshu.com/explore/6887968d0000000025012aac?xsec_token=ABTpxtng31sYHmAUKmF9oDUESYKPTSDSrTPXN3HLwA_EY=&xsec_source=pc_search&source=unknown,IP属地：湖南,http://sns-webpic-qc.xhscdn.com/202508111409/8ddcdc283d9c429ce751608eea7bf65c/1040g00831kg2u4eqj6005pg9h172psqnfppu9jo!nc_n_webp_mw_1
6892b68b000000002502bbf9,note,在下雨,5天前,4,1,0,,今天是你离开我的第100天🕯️,https://www.xiaohongshu.com/explore/6892b68b000000002502bbf9?xsec_token=ABwpdnTd_9FfErG6JfVJ8464q9_QXhJ7-XY2LbKcweIPw=&xsec_source=pc_search&source=unknown,IP属地：江苏,http://sns-webpic-qc.xhscdn.com/202508111409/57fd6e962fc1ae7b6d2785039ddb6a9c/1040g00831kquv1kj48005p6hpdl2p0e1es929g8!nc_n_webp_mw_1
686a55b600000000220309f5,note,情感记录员🍠版,07-06,4,2,8,,焦虑：存款少+家人重病，该怎么办？,https://www.xiaohongshu.com/explore/686a55b600000000220309f5?xsec_token=ABVx8BxGASJ94fE5vwaoAC_xR5yKkGbr7LrPLSedIp7UI=&xsec_source=pc_search&source=unknown,IP属地：湖北,http://sns-webpic-qc.xhscdn.com/202508111409/81bdd0e9942477c9f75d112cc23fecbb/1040g00831jjh6krmiu4g5pqqmfvk2rcckjdn45o!nc_n_webp_mw_1
67eeb19c000000001200caef,note,♡.,04-04,3,0,11,,,https://www.xiaohongshu.com/explore/67eeb19c000000001200caef?xsec_token=ABEfhOPAM-XkHsDIgDEPRIDwnMOOXEQSFpVaEw-L-yffc=&xsec_source=pc_search&source=unknown,无,http://sns-webpic-qc.xhscdn.com/202508111409/ceef1ee1a4844231a19dd21b8d234744/1040g2sg31fqpdk1bg6dg5pvelfu3lsnl3kk30f8!nc_n_webp_mw_1
6878b9b80000000022031222,note,小红薯6763E0D3,07-17,3,1,49,,,https://www.xiaohongshu.com/explore/6878b9b80000000022031222?xsec_token=AB2lqLjBVWVjt2dEmSxt_AckMlDcAlHuB2rj6OrIgBvtw=&xsec_source=pc_search&source=unknown,IP属地：四川,http://sns-webpic-qc.xhscdn.com/202508111409/b84decb8223aaa4e51e5933ae0024604/1040g2sg31k1irp3lj4jg5pr2hfp63imjeeji6to!nc_n_webp_mw_1
688873d20000000025022cf8,note,橘子汽水味的云,07-29,3,0,13,,治疗肿瘤一定选择三甲医院吗？,https://www.xiaohongshu.com/explore/688873d20000000025022cf8?xsec_token=ABRGFvNh5Jah2hXBZP_Pljc9X1JciY8SsQImoYLR4Kg4M=&xsec_source=pc_search&source=unknown,IP属地：湖北,http://sns-webpic-qc.xhscdn.com/202508111409/7d8fbb599acc721e9b32e1cd0a0a3a5f/notes_pre_post/1040g3k031kfm5pofk8505q1et3u3i71j85qhku0!nc_n_webp_mw_1
68712e0a000000002203d3fe,note,momo,07-11,3,2,47,,,https://www.xiaohongshu.com/explore/68712e0a000000002203d3fe?xsec_token=AB7ufk9w9tAxyf0cKzpYJRuECWZh_uN4Fv4jDeHatpvGU=&xsec_source=pc_search&source=unknown,IP属地：贵州,http://sns-webpic-qc.xhscdn.com/202508111409/280ae0a7eaca39af544fc3d2c060a339/1040g2sg31jq72d4p2oi05polrgk3cl9kbqmcen0!nc_n_webp_mw_1
669642dd00000000250155ca,note,疼痛科汤明,2024-07-16,3,5,1,,,https://www.xiaohongshu.com/explore/669642dd00000000250155ca?xsec_token=ABrsL_FOwf2I0unO53Gt9MR8dEFCU3pJMr2M3ShqnhQyU=&xsec_source=pc_search&source=unknown,IP属地：山东,http://sns-webpic-qc.xhscdn.com/202508111409/473ca19deedc1f690806d6cb5da745e6/1040g008315adt0h2gk605p8jial92mmq1hdjc80!nc_n_webp_mw_1
688dd3340000000022021304,note,星辰大海,08-02,6,2,15,,胰腺癌千万别放弃！婆婆六年了一切安好,https://www.xiaohongshu.com/explore/688dd3340000000022021304?xsec_token=ABsrLbO322utmJTlXLUzVQrqa2cpeV5oVmRhoztI4318o=&xsec_source=pc_search&source=unknown,IP属地：贵州,http://sns-webpic-qc.xhscdn.com/202508111409/6535d6c7a34d9245fe29a32f0d4759ee/1040g00831km61e43io6g5q41fv5n90fn3mf9k78!nc_n_webp_mw_1
689772b400000000250112ca,note,与妈向天争命,1天前,2,0,2,,家人得了淋巴瘤 第二次去献血,https://www.xiaohongshu.com/explore/689772b400000000250112ca?xsec_token=ABEbWTWLICLWpS1q6kNhlsqYYV8z7c_Qt231ywCA_IgFI=&xsec_source=pc_search&source=unknown,IP属地：浙江,"http://sns-webpic-qc.xhscdn.com/202508111409/aac482ee1d91b5bf539146e1d5e7dfca/notes_pre_post/1040g3k031kvgmor93q1g5q3ifhhmr686g37sos8!nc_n_webp_mw_1,http://sns-webpic-qc.xhscdn.com/202508111409/b1edc32c8b20faf5185978f4163a8188/notes_pre_post/1040g3k031kvgmor93q205q3ifhhmr6862g1ltpg!nc_n_webp_mw_1"
689769bb0000000023034b8e,note,季春春春,1天前,3,1,0,,胰腺癌第三期化疗,https://www.xiaohongshu.com/explore/689769bb0000000023034b8e?xsec_token=ABEbWTWLICLWpS1q6kNhlsqeSD1RLIUBRS1pnRX58lJaw=&xsec_source=pc_search&source=unknown,IP属地：福建,http://sns-webpic-qc.xhscdn.com/202508111409/6018ba562419b29b77f5cf8b162c86ee/1040g00831kvhjm5u2u005oe558u41l66p4vdfng!nc_n_webp_mw_1
6898a0670000000023038531,note,晴天,昨天 21:36,3,1,0,,订婚次日，母亲“癌症”竟是骗局？,https://www.xiaohongshu.com/explore/6898a0670000000023038531?xsec_token=ABZVFH-g5vopu6bXHd9vD8_Doh-CJFegAYVj47NlWr-7o=&xsec_source=pc_search&source=unknown,IP属地：广东,"http://sns-webpic-qc.xhscdn.com/202508111409/385b65ad67e494689c21a133e628bad6/notes_pre_post/1040g3k831l0n6jjp32bg5q4i567q28269a47t20!nc_n_webp_mw_1,http://sns-webpic-qc.xhscdn.com/202508111409/d5cc93aee1a6fa08f869a25a9e997ad0/notes_pre_post/1040g3k831l0n6jjp32b05q4i567q2826dda3168!nc_n_webp_mw_1,http://sns-webpic-qc.xhscdn.com/202508111409/7b7c4d62b8e07ca9b284affcd3ce2049/notes_pre_post/1040g3k031l0npem8io1g5q4i567q2826l0k8umo!nc_n_webp_mw_1,http://sns-webpic-qc.xhscdn.com/202508111409/d5d34962d2257e717fb44de9fadd845b/notes_pre_post/1040g3k031l0npem8io3g5q4i567q2826oebjp30!nc_n_webp_mw_1,http://sns-webpic-qc.xhscdn.com/202508111409/79428defb03804f74788a6c88aa5afeb/notes_pre_post/1040g3k031l0npem8io2g5q4i567q2826ca2mmgo!nc_n_webp_mw_1,http://sns-webpic-qc.xhscdn.com/202508111409/8f8ca0b4a1e049be0e889c44e12e2e31/notes_pre_post/1040g3k031l0npem8io505q4i567q282664u4ki0!nc_n_webp_mw_1,http://sns-webpic-qc.xhscdn.com/202508111409/16af33f99571209a3467b14c2ec38a69/notes_pre_post/1040g3k031l0npem8io5g5q4i567q2826k7hlsqo!nc_n_webp_mw_1,http://sns-webpic-qc.xhscdn.com/202508111409/c63c144100c6400753ae1f348532ba13/notes_pre_post/1040g3k031l0npekeiu5g5q4i567q2826noga7kg!nc_n_webp_mw_1,http://sns-webpic-qc.xhscdn.com/202508111409/41d0a45c95faa9dcf23098775617806a/notes_pre_post/1040g3k031l0npem8io6g5q4i567q2826dckd1do!nc_n_webp_mw_1,http://sns-webpic-qc.xhscdn.com/202508111409/278d6c0488916bc374712b607677716b/notes_pre_post/1040g3k031l0npekeiu605q4i567q2826a2ephd0!nc_n_webp_mw_1,http://sns-webpic-qc.xhscdn.com/202508111409/7c1304aa742f186a1da34b6561b6b9cd/notes_pre_post/1040g3k831l0n6jjp32705q4i567q2826tqmukho!nc_n_webp_mw_1,http://sns-webpic-qc.xhscdn.com/202508111409/048263632ec0f12079f0edb6e196d156/notes_pre_post/1040g3k831l0n6jjp327g5q4i567q28263embsf8!nc_n_webp_mw_1,http://sns-webpic-qc.xhscdn.com/202508111409/e36456902773c314a12305038568f89e/notes_pre_post/1040g3k831l0n6jjp32905q4i567q28262udbv1o!nc_n_webp_mw_1,http://sns-webpic-qc.xhscdn.com/202508111409/33ae13ca535c8af90b564430b08b6c38/notes_pre_post/1040g3k831l0n6jjp32805q4i567q2826pu7vceg!nc_n_webp_mw_1,http://sns-webpic-qc.xhscdn.com/202508111409/d5053d3161c1b150687d837d33adc8ce/notes_pre_post/1040g3k831l0n6jjp32c05q4i567q2826ms39ic0!nc_n_webp_mw_1,http://sns-webpic-qc.xhscdn.com/202508111409/3b4c002a40cc5ac0cfd21d06427b2b58/notes_pre_post/1040g3k831l0n6jjp329g5q4i567q2826q2cnsg0!nc_n_webp_mw_1,http://sns-webpic-qc.xhscdn.com/202508111409/1d87801c1455cffea3b9e6fb76a8a2c1/notes_pre_post/1040g3k831l0n6jjp32ag5q4i567q28269in9in0!nc_n_webp_mw_1,http://sns-webpic-qc.xhscdn.com/202508111409/3cd1381cfb5db73d232a64335b63b43e/notes_pre_post/1040g3k831l0n6jjp328g5q4i567q28260nvp7g0!nc_n_webp_mw_1"
689877340000000004007c70,note,小麦🌾,昨天 18:40,2,1,0,,家人初次确诊癌症，请你这样去应对,https://www.xiaohongshu.com/explore/689877340000000004007c70?xsec_token=ABZVFH-g5vopu6bXHd9vD8_JiBYoAHatdXWcS8tgFSeUo=&xsec_source=pc_search&source=unknown,IP属地：北京,http://sns-webpic-qc.xhscdn.com/202508111409/3bd3583263268add7a3d287feaed8fd6/notes_pre_post/1040g3k831kvgkddm30205n5dk6rkmk4hmskik7o!nc_n_webp_mw_1
